user_name,lga,score,total_questions,badge_title,created_at
"Faith Archibong","Ikot Ekpene LGA",12,15,"Dakkada Ambassador",2026-08-30T20:09:42.120Z
"Etebong Usoro","Ini LGA",13,15,"Dakkada Ambassador",2026-09-03T18:30:17.430Z
"Abasifreke Attah","Maryland, USA (Diaspora)",14,15,"Pure Akwa Ibom Legend",2026-08-31T00:36:51.091Z
"Emmanuel Ekanem","Nsit Ubium LGA",15,15,"Pure Akwa Ibom Legend",2026-08-31T08:01:10.532Z
"Aniekan Ekpo","Etinan LGA",15,15,"Pure Akwa Ibom Legend",2026-09-04T09:38:36.516Z
"Etebong Umana","Etinan LGA",13,15,"Dakkada Ambassador",2026-08-31T06:08:22.936Z
"Sunday Etukudo","Urue-Offong/Oruko LGA",13,15,"Dakkada Ambassador",2026-09-02T23:22:58.484Z
"Ekere Antia","Oruk Anam LGA",9,15,"Akwa Ibom Citizen",2026-09-04T01:25:44.385Z
"Eno Udo","Nsit Ibom LGA",12,15,"Dakkada Ambassador",2026-09-01T23:15:10.964Z
"Emem Akpanya","Essien Udim LGA",11,15,"Dakkada Ambassador",2026-09-05T10:47:06.320Z
"Aniekan Akpan","Ibesikpo Asutan LGA",12,15,"Dakkada Ambassador",2026-09-04T23:50:19.419Z
"Aniekan Okon","Ika LGA",15,15,"Pure Akwa Ibom Legend",2026-09-02T14:17:45.645Z
"Utibe Etuk","Oruk Anam LGA",13,15,"Dakkada Ambassador",2026-08-31T01:49:34.410Z
"Mfon Ekpo","Itu LGA",15,15,"Pure Akwa Ibom Legend",2026-09-03T10:06:45.866Z
"Bassey Umana","Eastern Obolo LGA",13,15,"Dakkada Ambassador",2026-08-30T18:01:28.952Z
"Daniel Edet","Obot Akara LGA",13,15,"Dakkada Ambassador",2026-09-04T10:57:19.856Z
"David Ekpo","Obot Akara LGA",13,15,"Dakkada Ambassador",2026-09-04T18:14:46.133Z
"Imaobong Essien","Houston, USA (Diaspora)",13,15,"Dakkada Ambassador",2026-09-04T11:08:06.634Z
"Victor Etukudo","Ikono LGA",10,15,"Akwa Ibom Citizen",2026-08-31T19:09:31.792Z
"Grace Udoh","Dallas, TX (Diaspora)",15,15,"Pure Akwa Ibom Legend",2026-09-03T15:12:46.652Z
"Mercy Effiong","Johannesburg, South Africa (Diaspora)",14,15,"Pure Akwa Ibom Legend",2026-08-31T10:36:24.924Z
"Daniel Inam","Udung Uko LGA",13,15,"Dakkada Ambassador",2026-09-03T05:18:06.978Z
"Samuel Akpabio","Ini LGA",15,15,"Pure Akwa Ibom Legend",2026-09-03T23:08:32.487Z
"Faith Umoh","Maryland, USA (Diaspora)",13,15,"Dakkada Ambassador",2026-08-31T09:04:09.962Z
"Edikan Otu","Ibesikpo Asutan LGA",11,15,"Dakkada Ambassador",2026-08-31T09:46:19.383Z
"Eno Etuk","Ikot Ekpene LGA",15,15,"Pure Akwa Ibom Legend",2026-09-04T06:06:12.431Z
"Kufre Antia","Abak LGA",13,15,"Dakkada Ambassador",2026-09-02T02:02:27.848Z
"Edikan Etukudo","Dubai, UAE (Diaspora)",14,15,"Pure Akwa Ibom Legend",2026-09-02T07:18:01.133Z
"Daniel Akpanya","Nsit Ubium LGA",14,15,"Pure Akwa Ibom Legend",2026-09-03T12:35:30.044Z
"Ubong Umoh","Ikono LGA",13,15,"Dakkada Ambassador",2026-08-31T12:38:27.126Z
"Etebong Ekpo","Atlanta, GA (Diaspora)",15,15,"Pure Akwa Ibom Legend",2026-08-31T20:54:09.870Z
"Hope Archibong","Obot Akara LGA",12,15,"Dakkada Ambassador",2026-08-30T03:19:13.373Z
"Ekemini Inam","Oruk Anam LGA",15,15,"Pure Akwa Ibom Legend",2026-09-01T21:15:20.293Z
"Etebong Etuk","Esit Eket LGA",13,15,"Dakkada Ambassador",2026-08-30T11:00:35.449Z
"Emmanuel Bassey","Esit Eket LGA",14,15,"Pure Akwa Ibom Legend",2026-09-05T11:52:06.966Z
"Grace Asuquo","Uruan LGA",10,15,"Akwa Ibom Citizen",2026-09-03T01:59:44.915Z
"Victor Ekwere","Ibiono Ibom LGA",12,15,"Dakkada Ambassador",2026-09-01T09:11:25.556Z
"Faith Effiong","Essien Udim LGA",14,15,"Pure Akwa Ibom Legend",2026-09-04T23:50:28.392Z
"Sunday Asuquo","Oron LGA",10,15,"Akwa Ibom Citizen",2026-09-01T06:41:34.604Z
"Enobong Umana","Udung Uko LGA",11,15,"Dakkada Ambassador",2026-09-03T21:42:17.361Z
"Ini Bassey","Ika LGA",15,15,"Pure Akwa Ibom Legend",2026-08-31T20:40:29.357Z
"Mercy Bassey","Uyo LGA",12,15,"Dakkada Ambassador",2026-09-04T06:23:29.031Z
"Utibe Inam","Ikot Abasi LGA",14,15,"Pure Akwa Ibom Legend",2026-09-05T05:14:10.472Z
"Victor Ekwere","Mkpat Enin LGA",14,15,"Pure Akwa Ibom Legend",2026-08-31T23:15:53.307Z
"Edidiong Attah","Urue-Offong/Oruko LGA",10,15,"Akwa Ibom Citizen",2026-08-30T05:16:10.950Z
"Etebong Inam","Essien Udim LGA",13,15,"Dakkada Ambassador",2026-09-04T00:40:35.818Z
"Enobong Antia","Ikot Abasi LGA",12,15,"Dakkada Ambassador",2026-09-04T19:20:29.023Z
"Abasifreke Udo","Ika LGA",14,15,"Pure Akwa Ibom Legend",2026-09-03T21:06:11.080Z
"Sunday Udo","Ikot Abasi LGA",13,15,"Dakkada Ambassador",2026-08-30T01:35:46.421Z
"Edikan Etukudo","Etim Ekpo LGA",11,15,"Dakkada Ambassador",2026-08-31T21:17:32.580Z
"Mfon Asuquo","Ikot Ekpene LGA",14,15,"Pure Akwa Ibom Legend",2026-09-01T17:55:48.263Z
"Hope Umana","Ibeno LGA",14,15,"Pure Akwa Ibom Legend",2026-09-05T00:24:40.810Z
"Faith Edet","Atlanta, GA (Diaspora)",14,15,"Pure Akwa Ibom Legend",2026-08-31T00:14:36.755Z
"Nsikan Akpanya","Nsit Ibom LGA",12,15,"Dakkada Ambassador",2026-09-03T23:12:39.529Z
"Nsikan Etuk","Okobo LGA",15,15,"Pure Akwa Ibom Legend",2026-09-04T21:04:39.749Z
"Etebong Ekpo","Cotonou, Benin Republic (Diaspora)",11,15,"Dakkada Ambassador",2026-09-02T23:30:18.664Z
"Anietie Effiong","Nsit Ibom LGA",12,15,"Dakkada Ambassador",2026-09-03T19:14:38.615Z
"Ofonime Udom","Ini LGA",11,15,"Dakkada Ambassador",2026-09-03T20:48:47.223Z
"Aniekan Antia","Uyo LGA",14,15,"Pure Akwa Ibom Legend",2026-09-04T08:32:41.785Z
"Precious Eno","Etim Ekpo LGA",5,15,"JJC for Akwa Ibom",2026-09-05T19:06:13.110Z
"Ekere Udo","Itu LGA",14,15,"Pure Akwa Ibom Legend",2026-09-05T03:32:39.649Z
"Victor Umoh","New York, USA (Diaspora)",12,15,"Dakkada Ambassador",2026-09-02T15:26:46.211Z
"Bassey Umana","Ibesikpo Asutan LGA",14,15,"Pure Akwa Ibom Legend",2026-09-02T07:46:34.032Z
"Edidiong Inyang","Ibiono Ibom LGA",14,15,"Pure Akwa Ibom Legend",2026-09-01T11:38:40.742Z
"Kufre Ekwere","Mbo LGA",15,15,"Pure Akwa Ibom Legend",2026-08-31T11:14:02.029Z
"Daniel Udom","Dubai, UAE (Diaspora)",14,15,"Pure Akwa Ibom Legend",2026-09-04T01:20:59.918Z
"Ekemini Umoh","Mkpat Enin LGA",13,15,"Dakkada Ambassador",2026-09-03T08:24:21.674Z
"Precious Inyang","Ukanafun LGA",11,15,"Dakkada Ambassador",2026-08-30T21:09:47.753Z
"Eno Etuk","Etinan LGA",11,15,"Dakkada Ambassador",2026-09-01T23:42:56.705Z
"Iniobong Akpanya","Ikot Ekpene LGA",11,15,"Dakkada Ambassador",2026-09-04T15:10:11.988Z
"Daniel Isong","Nsit Ubium LGA",14,15,"Pure Akwa Ibom Legend",2026-09-05T00:35:45.872Z
"Grace Ekpo","Johannesburg, South Africa (Diaspora)",11,15,"Dakkada Ambassador",2026-09-04T10:16:07.094Z
"Imaobong Etuk","Toronto, Canada (Diaspora)",12,15,"Dakkada Ambassador",2026-09-01T22:54:55.192Z
"Abasifreke Otu","Mbo LGA",14,15,"Pure Akwa Ibom Legend",2026-09-05T10:32:35.855Z
"Grace Ntekim","Esit Eket LGA",12,15,"Dakkada Ambassador",2026-09-03T20:59:07.944Z
"Joy Attah","Toronto, Canada (Diaspora)",12,15,"Dakkada Ambassador",2026-09-04T06:46:01.427Z
"Anietie Inam","Ikono LGA",15,15,"Pure Akwa Ibom Legend",2026-08-30T06:13:34.881Z
"Edikan Otu","Eket LGA",15,15,"Pure Akwa Ibom Legend",2026-09-04T16:04:24.512Z
"Etebong Inyang","Atlanta, GA (Diaspora)",15,15,"Pure Akwa Ibom Legend",2026-08-30T15:18:19.727Z
"Emmanuel Ntekim","Mkpat Enin LGA",14,15,"Pure Akwa Ibom Legend",2026-09-01T15:01:53.364Z
"David Udo","Oron LGA",12,15,"Dakkada Ambassador",2026-08-29T21:43:24.180Z
"Nsikan Inyang","Esit Eket LGA",15,15,"Pure Akwa Ibom Legend",2026-09-05T06:42:18.050Z
"Idongesit Isong","Maryland, USA (Diaspora)",15,15,"Pure Akwa Ibom Legend",2026-09-05T11:30:44.518Z
"Ekemini Eno","Manchester, UK (Diaspora)",13,15,"Dakkada Ambassador",2026-09-03T10:38:26.791Z
"David Inam","Ukanafun LGA",14,15,"Pure Akwa Ibom Legend",2026-08-30T19:19:40.029Z
"Emmanuel Usoro","Ikot Ekpene LGA",14,15,"Pure Akwa Ibom Legend",2026-09-03T01:17:33.656Z
"Godwin Ekpo","London, UK (Diaspora)",15,15,"Pure Akwa Ibom Legend",2026-09-04T22:55:34.360Z
"Etebong Essien","Ibiono Ibom LGA",14,15,"Pure Akwa Ibom Legend",2026-08-30T02:50:23.834Z
"Ini Asuquo","Uruan LGA",12,15,"Dakkada Ambassador",2026-08-31T09:00:41.964Z
"Godwin Akpabio","Ukanafun LGA",13,15,"Dakkada Ambassador",2026-09-03T12:06:52.686Z
"Ekemini Okon","Ika LGA",15,15,"Pure Akwa Ibom Legend",2026-09-04T20:57:48.738Z
"Anietie Ekwere","Eastern Obolo LGA",14,15,"Pure Akwa Ibom Legend",2026-08-31T16:14:48.322Z
"Faith Essien","Eastern Obolo LGA",11,15,"Dakkada Ambassador",2026-09-03T19:53:59.973Z
"Ini Essien","Oron LGA",13,15,"Dakkada Ambassador",2026-09-03T16:23:37.925Z
"Iniobong Otu","Oruk Anam LGA",13,15,"Dakkada Ambassador",2026-08-30T11:27:40.413Z
"Idongesit Effiong","Uruan LGA",15,15,"Pure Akwa Ibom Legend",2026-08-31T17:56:59.422Z
"Bassey Umoh","Toronto, Canada (Diaspora)",11,15,"Dakkada Ambassador",2026-09-02T11:29:25.909Z
"Hope Inam","Ikot Abasi LGA",13,15,"Dakkada Ambassador",2026-08-30T18:48:42.267Z
"Idongesit Antia","Maryland, USA (Diaspora)",14,15,"Pure Akwa Ibom Legend",2026-08-31T03:22:09.317Z
"Hope Umana","Uruan LGA",12,15,"Dakkada Ambassador",2026-09-02T11:52:16.527Z
"Ekere Etuk","Atlanta, GA (Diaspora)",14,15,"Pure Akwa Ibom Legend",2026-09-05T09:25:40.175Z
"Sunday Antia","Etim Ekpo LGA",11,15,"Dakkada Ambassador",2026-09-04T11:31:26.833Z
"Nsikan Archibong","Essien Udim LGA",14,15,"Pure Akwa Ibom Legend",2026-09-01T08:35:35.251Z
"Ekere Antia","Urue-Offong/Oruko LGA",12,15,"Dakkada Ambassador",2026-09-05T18:21:34.842Z
"Kufre Umoh","Uruan LGA",13,15,"Dakkada Ambassador",2026-09-01T11:50:17.284Z
"Uduak Otu","Calgary, Canada (Diaspora)",15,15,"Pure Akwa Ibom Legend",2026-09-04T06:03:17.759Z
"Idongesit Attah","Okobo LGA",13,15,"Dakkada Ambassador",2026-09-03T06:23:31.412Z
"Emem Umoh","Ibiono Ibom LGA",15,15,"Pure Akwa Ibom Legend",2026-08-31T13:59:25.523Z
"Imaobong Akpabio","Cotonou, Benin Republic (Diaspora)",10,15,"Akwa Ibom Citizen",2026-09-03T10:17:48.180Z
"Imaobong Udo","Cotonou, Benin Republic (Diaspora)",15,15,"Pure Akwa Ibom Legend",2026-09-02T09:12:22.344Z
"Uduak Ntekim","Dubai, UAE (Diaspora)",13,15,"Dakkada Ambassador",2026-08-31T03:03:12.629Z
"Precious Archibong","London, UK (Diaspora)",14,15,"Pure Akwa Ibom Legend",2026-09-03T18:16:11.448Z
"Itoro Okon","Etim Ekpo LGA",13,15,"Dakkada Ambassador",2026-09-02T15:25:13.025Z
"Eno Udo","Esit Eket LGA",15,15,"Pure Akwa Ibom Legend",2026-08-31T16:55:09.319Z
"Precious Archibong","Uruan LGA",14,15,"Pure Akwa Ibom Legend",2026-09-05T15:41:53.975Z
"Ini Udom","Ika LGA",14,15,"Pure Akwa Ibom Legend",2026-09-04T09:56:20.069Z
"Bassey Ekpo","Ikono LGA",11,15,"Dakkada Ambassador",2026-09-04T23:11:07.783Z
"Itoro Udoh","New York, USA (Diaspora)",15,15,"Pure Akwa Ibom Legend",2026-08-30T19:30:21.485Z
"Ubong Akpan","Okobo LGA",12,15,"Dakkada Ambassador",2026-09-02T15:30:43.174Z
"Ini Umana","Uruan LGA",13,15,"Dakkada Ambassador",2026-09-04T19:13:18.707Z
"Ubong Eno","Okobo LGA",14,15,"Pure Akwa Ibom Legend",2026-09-01T14:33:48.756Z
"Nsikan Bassey","Mbo LGA",15,15,"Pure Akwa Ibom Legend",2026-09-01T21:50:54.735Z
"Blessing Etukudo","Udung Uko LGA",14,15,"Pure Akwa Ibom Legend",2026-09-01T21:11:05.145Z
"Emem Ekanem","Itu LGA",13,15,"Dakkada Ambassador",2026-09-02T06:07:04.148Z
"Aniekan Bassey","Ikot Abasi LGA",14,15,"Pure Akwa Ibom Legend",2026-09-01T05:56:57.287Z
"Precious Archibong","Etim Ekpo LGA",11,15,"Dakkada Ambassador",2026-09-02T15:12:40.868Z
"Samuel Inyang","Calgary, Canada (Diaspora)",14,15,"Pure Akwa Ibom Legend",2026-09-03T01:05:17.268Z
"Itoro Effiong","Mbo LGA",9,15,"Akwa Ibom Citizen",2026-09-01T09:29:50.928Z
"Victor Inyang","Ibesikpo Asutan LGA",12,15,"Dakkada Ambassador",2026-09-03T23:15:53.832Z
"David Ekong","Mkpat Enin LGA",12,15,"Dakkada Ambassador",2026-08-31T02:24:22.977Z
"Ofonime Edet","Ini LGA",15,15,"Pure Akwa Ibom Legend",2026-09-01T14:11:42.086Z
"Etebong Umana","Dallas, TX (Diaspora)",14,15,"Pure Akwa Ibom Legend",2026-09-05T05:32:53.264Z
"David Umana","Ika LGA",15,15,"Pure Akwa Ibom Legend",2026-09-03T07:02:25.804Z
"Abasifreke Umoh","Essien Udim LGA",15,15,"Pure Akwa Ibom Legend",2026-09-03T00:17:04.781Z
"Anietie Ntekim","Ikot Abasi LGA",14,15,"Pure Akwa Ibom Legend",2026-08-31T11:58:12.749Z
"Hope Attah","Ibiono Ibom LGA",14,15,"Pure Akwa Ibom Legend",2026-09-05T07:57:17.326Z
"Aniekan Ekong","Abak LGA",11,15,"Dakkada Ambassador",2026-09-02T09:20:30.328Z
"Utibe Otu","Etim Ekpo LGA",15,15,"Pure Akwa Ibom Legend",2026-09-01T06:31:29.862Z
"Nsikan Eno","Houston, USA (Diaspora)",15,15,"Pure Akwa Ibom Legend",2026-08-31T14:31:50.298Z
"Utibe Ntekim","Ibesikpo Asutan LGA",10,15,"Akwa Ibom Citizen",2026-09-02T18:39:10.012Z
"Idongesit Eno","Mkpat Enin LGA",14,15,"Pure Akwa Ibom Legend",2026-09-02T18:22:12.831Z
"Ini Eno","Toronto, Canada (Diaspora)",14,15,"Pure Akwa Ibom Legend",2026-08-30T10:11:10.884Z
"Emmanuel Umoh","Oruk Anam LGA",15,15,"Pure Akwa Ibom Legend",2026-09-01T05:04:24.428Z
"Iniobong Inyang","Manchester, UK (Diaspora)",15,15,"Pure Akwa Ibom Legend",2026-09-01T14:34:57.392Z
"Imaobong Ekong","Nsit Ibom LGA",15,15,"Pure Akwa Ibom Legend",2026-09-01T00:57:54.378Z
"Uduak Inam","Maryland, USA (Diaspora)",13,15,"Dakkada Ambassador",2026-08-30T14:19:45.767Z
"Godwin Udom","Maryland, USA (Diaspora)",15,15,"Pure Akwa Ibom Legend",2026-09-04T19:44:12.157Z
"Ofonime Etuk","Ikot Abasi LGA",14,15,"Pure Akwa Ibom Legend",2026-09-02T11:00:11.365Z
"David Umana","Nsit Ibom LGA",15,15,"Pure Akwa Ibom Legend",2026-08-30T04:31:41.983Z
"Daniel Attah","Ibesikpo Asutan LGA",13,15,"Dakkada Ambassador",2026-09-04T04:04:24.547Z
"Abasifreke Udom","Etinan LGA",9,15,"Akwa Ibom Citizen",2026-09-04T03:05:50.572Z
"Itoro Edet","Maryland, USA (Diaspora)",11,15,"Dakkada Ambassador",2026-09-01T00:21:40.645Z
"Bassey Asuquo","Itu LGA",14,15,"Pure Akwa Ibom Legend",2026-08-31T19:00:51.322Z
"Ekemini Akpanya","Abak LGA",15,15,"Pure Akwa Ibom Legend",2026-09-01T21:04:03.260Z
"Emem Ekpo","Okobo LGA",14,15,"Pure Akwa Ibom Legend",2026-09-01T04:27:01.042Z
"Eno Etuk","Uruan LGA",15,15,"Pure Akwa Ibom Legend",2026-09-03T13:51:26.541Z
"Hope Eno","Itu LGA",15,15,"Pure Akwa Ibom Legend",2026-08-31T10:37:13.571Z
"Iniobong Etuk","Uyo LGA",13,15,"Dakkada Ambassador",2026-08-31T00:51:42.730Z
"Ubong Inyang","Ini LGA",15,15,"Pure Akwa Ibom Legend",2026-08-31T16:09:05.351Z
"Utibe Umana","Oron LGA",14,15,"Pure Akwa Ibom Legend",2026-09-02T11:03:31.255Z
"Itoro Otu","Maryland, USA (Diaspora)",13,15,"Dakkada Ambassador",2026-09-01T09:08:15.907Z
"Edidiong Ekong","Calgary, Canada (Diaspora)",12,15,"Dakkada Ambassador",2026-08-31T21:00:30.396Z
"Aniekan Okon","Mkpat Enin LGA",13,15,"Dakkada Ambassador",2026-08-31T01:35:34.958Z
"Nsikan Ekpo","Manchester, UK (Diaspora)",12,15,"Dakkada Ambassador",2026-09-05T12:43:38.509Z
"Iniobong Akpabio","Eastern Obolo LGA",13,15,"Dakkada Ambassador",2026-08-30T00:54:59.576Z
"Godwin Essien","Etinan LGA",10,15,"Akwa Ibom Citizen",2026-09-05T00:14:04.530Z
"Ekere Bassey","Calgary, Canada (Diaspora)",15,15,"Pure Akwa Ibom Legend",2026-09-04T00:22:13.180Z
"Mfon Akpanya","Ikot Ekpene LGA",13,15,"Dakkada Ambassador",2026-09-03T18:03:22.538Z
"Grace Etukudo","Mbo LGA",12,15,"Dakkada Ambassador",2026-08-30T10:30:55.615Z
"Emmanuel Udo","Ukanafun LGA",14,15,"Pure Akwa Ibom Legend",2026-09-03T06:44:14.260Z
"Nsikan Ekwere","Ibeno LGA",11,15,"Dakkada Ambassador",2026-09-02T17:36:10.838Z
"Mercy Akpabio","Dubai, UAE (Diaspora)",13,15,"Dakkada Ambassador",2026-09-02T05:04:53.331Z
"Mercy Udo","Ukanafun LGA",14,15,"Pure Akwa Ibom Legend",2026-09-03T03:32:17.510Z
"Faith Attah","Onna LGA",14,15,"Pure Akwa Ibom Legend",2026-09-03T10:51:04.099Z
"Godwin Akpabio","Uyo LGA",14,15,"Pure Akwa Ibom Legend",2026-08-31T12:18:05.075Z
"Uduak Ekwere","Itu LGA",13,15,"Dakkada Ambassador",2026-09-03T11:15:31.043Z
"Ini Essien","Ikono LGA",12,15,"Dakkada Ambassador",2026-09-02T01:51:27.153Z
"Edikan Ntekim","Nsit Atai LGA",12,15,"Dakkada Ambassador",2026-09-01T05:42:15.814Z
"Edidiong Udoh","Ibiono Ibom LGA",11,15,"Dakkada Ambassador",2026-08-30T15:32:34.899Z
"Ekere Okon","London, UK (Diaspora)",12,15,"Dakkada Ambassador",2026-08-30T08:11:41.870Z
"Uduak Isong","Houston, USA (Diaspora)",15,15,"Pure Akwa Ibom Legend",2026-08-29T21:40:22.377Z
"Victor Ekong","Onna LGA",14,15,"Pure Akwa Ibom Legend",2026-09-03T22:41:28.167Z
"Ekere Otu","Ibeno LGA",14,15,"Pure Akwa Ibom Legend",2026-09-05T07:37:46.722Z
"Mfon Inam","Ikot Abasi LGA",15,15,"Pure Akwa Ibom Legend",2026-09-04T04:58:04.503Z
"Mercy Attah","Johannesburg, South Africa (Diaspora)",13,15,"Dakkada Ambassador",2026-09-03T23:47:21.359Z
"Joy Umoh","Cotonou, Benin Republic (Diaspora)",15,15,"Pure Akwa Ibom Legend",2026-09-05T02:36:50.573Z
"Idongesit Akpanya","Uyo LGA",13,15,"Dakkada Ambassador",2026-09-05T10:19:45.358Z
"Imaobong Etukudo","Ikono LGA",11,15,"Dakkada Ambassador",2026-09-01T13:03:32.639Z
"Idongesit Ekwere","Eket LGA",11,15,"Dakkada Ambassador",2026-09-05T09:31:10.205Z
"Aniekan Ekanem","Eastern Obolo LGA",15,15,"Pure Akwa Ibom Legend",2026-09-04T18:31:51.284Z
"Edikan Inam","Abak LGA",12,15,"Dakkada Ambassador",2026-08-31T01:31:03.860Z
"Enobong Otu","Okobo LGA",13,15,"Dakkada Ambassador",2026-09-05T00:47:51.052Z
"Nsikan Udoh","Esit Eket LGA",13,15,"Dakkada Ambassador",2026-08-31T10:24:59.503Z
"Bassey Umana","Udung Uko LGA",11,15,"Dakkada Ambassador",2026-09-04T02:51:03.841Z
"Victor Udoh","Abak LGA",15,15,"Pure Akwa Ibom Legend",2026-09-05T00:24:45.233Z
"Nsikan Udom","Ibesikpo Asutan LGA",11,15,"Dakkada Ambassador",2026-09-04T04:41:50.920Z
"Aniekan Antia","Atlanta, GA (Diaspora)",14,15,"Pure Akwa Ibom Legend",2026-09-01T20:30:23.797Z
"Etebong Essien","Ikono LGA",15,15,"Pure Akwa Ibom Legend",2026-09-02T15:10:15.609Z
"Anietie Akpanya","Uruan LGA",14,15,"Pure Akwa Ibom Legend",2026-09-01T00:50:50.769Z
"Precious Effiong","Itu LGA",14,15,"Pure Akwa Ibom Legend",2026-09-03T12:29:56.250Z
"David Ntekim","Ibeno LGA",12,15,"Dakkada Ambassador",2026-09-03T10:25:14.071Z
"Bassey Eno","Okobo LGA",13,15,"Dakkada Ambassador",2026-09-05T06:43:01.959Z
"Emem Udo","Itu LGA",14,15,"Pure Akwa Ibom Legend",2026-08-30T01:46:38.920Z
"Etebong Usoro","London, UK (Diaspora)",14,15,"Pure Akwa Ibom Legend",2026-08-30T06:42:27.587Z
"Anietie Udo","Eket LGA",12,15,"Dakkada Ambassador",2026-09-01T14:00:27.163Z
"Daniel Udo","Onna LGA",13,15,"Dakkada Ambassador",2026-08-30T13:39:57.556Z
"Imaobong Akpan","Udung Uko LGA",11,15,"Dakkada Ambassador",2026-09-05T05:32:36.684Z
"Emmanuel Archibong","Ika LGA",14,15,"Pure Akwa Ibom Legend",2026-09-04T11:20:21.432Z
"Idongesit Okon","Ikot Ekpene LGA",13,15,"Dakkada Ambassador",2026-09-04T01:41:06.990Z
"Victor Udoh","Etinan LGA",12,15,"Dakkada Ambassador",2026-08-31T05:24:47.819Z
"Ini Ekanem","Okobo LGA",12,15,"Dakkada Ambassador",2026-09-04T11:35:02.847Z
"Victor Okon","Ibeno LGA",15,15,"Pure Akwa Ibom Legend",2026-08-31T19:15:46.819Z
"Uduak Akpan","Mkpat Enin LGA",12,15,"Dakkada Ambassador",2026-09-02T00:12:58.704Z
"Ubong Udo","Ibesikpo Asutan LGA",13,15,"Dakkada Ambassador",2026-09-05T11:16:22.083Z
"Ekemini Umoh","Dallas, TX (Diaspora)",14,15,"Pure Akwa Ibom Legend",2026-09-03T05:25:18.465Z
"Imaobong Ntekim","Eket LGA",14,15,"Pure Akwa Ibom Legend",2026-09-03T08:24:28.560Z
"Anietie Archibong","Ukanafun LGA",12,15,"Dakkada Ambassador",2026-09-04T15:14:59.856Z
"Itoro Umana","Ikono LGA",13,15,"Dakkada Ambassador",2026-09-03T11:35:17.239Z
"Enobong Usoro","Toronto, Canada (Diaspora)",13,15,"Dakkada Ambassador",2026-09-04T01:51:20.449Z
"Joy Ekwere","Nsit Ibom LGA",12,15,"Dakkada Ambassador",2026-08-31T15:02:53.066Z
"Mfon Ekwere","Ikot Abasi LGA",11,15,"Dakkada Ambassador",2026-08-31T20:51:58.095Z
"Hope Udo","Okobo LGA",12,15,"Dakkada Ambassador",2026-09-03T00:39:32.247Z
"Nsikan Isong","Houston, USA (Diaspora)",13,15,"Dakkada Ambassador",2026-09-01T20:00:01.073Z
"Ofonime Attah","Udung Uko LGA",13,15,"Dakkada Ambassador",2026-09-03T19:53:41.813Z
"Anietie Asuquo","London, UK (Diaspora)",13,15,"Dakkada Ambassador",2026-08-31T20:14:13.016Z
"Joy Umana","Ibiono Ibom LGA",14,15,"Pure Akwa Ibom Legend",2026-09-05T03:47:19.555Z
"Ubong Ekwere","Eket LGA",12,15,"Dakkada Ambassador",2026-09-04T05:12:21.751Z
"Sunday Udom","Ikot Abasi LGA",13,15,"Dakkada Ambassador",2026-09-02T20:04:55.354Z
"Abasifreke Isong","Dallas, TX (Diaspora)",15,15,"Pure Akwa Ibom Legend",2026-09-03T19:22:06.232Z
"Uduak Usoro","Nsit Atai LGA",15,15,"Pure Akwa Ibom Legend",2026-09-02T23:06:16.908Z
"Itoro Udoh","Eastern Obolo LGA",12,15,"Dakkada Ambassador",2026-09-05T12:22:31.967Z
"Uduak Inam","Etinan LGA",14,15,"Pure Akwa Ibom Legend",2026-09-04T03:39:51.913Z
"Enobong Etukudo","Urue-Offong/Oruko LGA",14,15,"Pure Akwa Ibom Legend",2026-08-31T21:10:39.093Z
"Victor Okon","Mbo LGA",13,15,"Dakkada Ambassador",2026-09-01T13:23:09.931Z
"Ekemini Antia","Uyo LGA",14,15,"Pure Akwa Ibom Legend",2026-09-05T04:13:47.786Z
"Aniekan Eno","New York, USA (Diaspora)",15,15,"Pure Akwa Ibom Legend",2026-09-04T03:08:25.229Z
"Hope Effiong","Dallas, TX (Diaspora)",15,15,"Pure Akwa Ibom Legend",2026-09-02T12:38:36.204Z
"Itoro Umana","Esit Eket LGA",10,15,"Akwa Ibom Citizen",2026-09-05T04:49:26.115Z
"Ini Ntekim","Esit Eket LGA",14,15,"Pure Akwa Ibom Legend",2026-08-30T15:14:04.141Z
"Itoro Udoh","Ikono LGA",12,15,"Dakkada Ambassador",2026-09-04T08:00:21.641Z
"Edidiong Antia","New York, USA (Diaspora)",12,15,"Dakkada Ambassador",2026-08-30T09:36:23.959Z
"Bassey Udoh","Calgary, Canada (Diaspora)",15,15,"Pure Akwa Ibom Legend",2026-08-31T20:24:20.786Z
"Kufre Otu","Uyo LGA",13,15,"Dakkada Ambassador",2026-09-04T07:19:07.434Z
"Ekere Eno","Atlanta, GA (Diaspora)",15,15,"Pure Akwa Ibom Legend",2026-09-01T19:35:10.553Z
"Faith Asuquo","Urue-Offong/Oruko LGA",10,15,"Akwa Ibom Citizen",2026-09-05T15:04:21.459Z
"Utibe Bassey","Onna LGA",15,15,"Pure Akwa Ibom Legend",2026-09-04T18:42:54.920Z
"Sunday Effiong","Urue-Offong/Oruko LGA",13,15,"Dakkada Ambassador",2026-09-02T08:21:48.969Z
"Joy Ekwere","Ibiono Ibom LGA",15,15,"Pure Akwa Ibom Legend",2026-09-01T01:00:44.454Z
"Aniekan Etuk","Essien Udim LGA",14,15,"Pure Akwa Ibom Legend",2026-08-30T13:22:30.685Z
"David Attah","Eastern Obolo LGA",13,15,"Dakkada Ambassador",2026-09-05T00:40:29.700Z
"Grace Isong","Houston, USA (Diaspora)",14,15,"Pure Akwa Ibom Legend",2026-08-31T11:21:21.948Z
"Faith Ntekim","Johannesburg, South Africa (Diaspora)",14,15,"Pure Akwa Ibom Legend",2026-09-05T10:29:19.803Z
"Bassey Okon","Itu LGA",15,15,"Pure Akwa Ibom Legend",2026-09-03T14:06:54.050Z
"Uduak Antia","Nsit Ubium LGA",12,15,"Dakkada Ambassador",2026-09-05T05:18:16.067Z
"Etebong Eno","New York, USA (Diaspora)",13,15,"Dakkada Ambassador",2026-09-02T12:36:53.606Z
"Bassey Edet","Uyo LGA",14,15,"Pure Akwa Ibom Legend",2026-09-05T05:24:19.327Z
"Edikan Archibong","Ikono LGA",14,15,"Pure Akwa Ibom Legend",2026-08-30T02:08:38.482Z
"Anietie Asuquo","Cotonou, Benin Republic (Diaspora)",10,15,"Akwa Ibom Citizen",2026-09-02T02:33:19.468Z
"Kufre Asuquo","Esit Eket LGA",14,15,"Pure Akwa Ibom Legend",2026-09-01T05:24:29.845Z
"Abasifreke Bassey","Toronto, Canada (Diaspora)",12,15,"Dakkada Ambassador",2026-08-30T16:27:33.976Z
"Ini Ekwere","Etinan LGA",15,15,"Pure Akwa Ibom Legend",2026-09-04T15:49:19.471Z
"Ubong Akpabio","Ibesikpo Asutan LGA",11,15,"Dakkada Ambassador",2026-09-03T03:04:53.010Z
"David Attah","Eket LGA",13,15,"Dakkada Ambassador",2026-09-02T20:49:20.233Z
"Iniobong Otu","Abak LGA",15,15,"Pure Akwa Ibom Legend",2026-09-04T17:29:24.570Z
"Joy Udo","Etim Ekpo LGA",10,15,"Akwa Ibom Citizen",2026-09-03T14:25:22.548Z
"Idongesit Okon","Ikono LGA",14,15,"Pure Akwa Ibom Legend",2026-09-01T13:27:31.965Z
"Kufre Inam","Okobo LGA",13,15,"Dakkada Ambassador",2026-08-30T08:02:13.281Z
"Uduak Attah","Eket LGA",11,15,"Dakkada Ambassador",2026-09-05T08:15:29.047Z
"Sunday Etuk","Eket LGA",14,15,"Pure Akwa Ibom Legend",2026-09-04T18:38:51.508Z
"Blessing Ntekim","Calgary, Canada (Diaspora)",12,15,"Dakkada Ambassador",2026-09-03T00:33:29.955Z
"Aniekan Attah","Oruk Anam LGA",14,15,"Pure Akwa Ibom Legend",2026-09-03T11:26:19.366Z
"Aniekan Udom","Cotonou, Benin Republic (Diaspora)",15,15,"Pure Akwa Ibom Legend",2026-09-04T13:20:42.754Z
"Eno Udoh","Uruan LGA",12,15,"Dakkada Ambassador",2026-09-01T20:28:13.814Z
"Idongesit Edet","Calgary, Canada (Diaspora)",15,15,"Pure Akwa Ibom Legend",2026-09-03T00:41:54.628Z
"Etebong Udom","Ibeno LGA",13,15,"Dakkada Ambassador",2026-08-30T09:37:40.739Z
"Ekemini Okon","Udung Uko LGA",14,15,"Pure Akwa Ibom Legend",2026-08-31T16:28:08.015Z
"Joy Akpan","Cotonou, Benin Republic (Diaspora)",10,15,"Akwa Ibom Citizen",2026-09-04T09:41:15.316Z
"Faith Otu","Ibeno LGA",10,15,"Akwa Ibom Citizen",2026-08-31T15:23:53.073Z
"Blessing Isong","Okobo LGA",13,15,"Dakkada Ambassador",2026-09-02T21:26:01.233Z
"Kufre Akpabio","New York, USA (Diaspora)",10,15,"Akwa Ibom Citizen",2026-09-03T23:19:43.979Z
"Idongesit Etukudo","Eket LGA",13,15,"Dakkada Ambassador",2026-09-04T07:52:11.066Z
"Imaobong Ekpo","Manchester, UK (Diaspora)",14,15,"Pure Akwa Ibom Legend",2026-09-01T18:30:13.390Z
"Kufre Ekpo","Maryland, USA (Diaspora)",10,15,"Akwa Ibom Citizen",2026-09-04T04:23:54.176Z
"Emem Bassey","Ikono LGA",10,15,"Akwa Ibom Citizen",2026-09-01T14:44:12.643Z
"Ini Okon","London, UK (Diaspora)",11,15,"Dakkada Ambassador",2026-09-02T11:02:29.702Z
"Utibe Udo","Toronto, Canada (Diaspora)",11,15,"Dakkada Ambassador",2026-08-31T14:50:31.321Z
"David Ekanem","Udung Uko LGA",14,15,"Pure Akwa Ibom Legend",2026-08-30T10:49:59.381Z
"Anietie Udom","Essien Udim LGA",14,15,"Pure Akwa Ibom Legend",2026-09-03T00:28:53.780Z
"Godwin Bassey","Manchester, UK (Diaspora)",13,15,"Dakkada Ambassador",2026-08-31T18:40:35.695Z
"Edikan Attah","Oruk Anam LGA",15,15,"Pure Akwa Ibom Legend",2026-09-02T11:21:30.632Z
"Faith Attah","Oron LGA",14,15,"Pure Akwa Ibom Legend",2026-09-03T07:07:09.565Z
"Enobong Eno","Ibeno LGA",15,15,"Pure Akwa Ibom Legend",2026-09-05T04:21:02.274Z
"Hope Effiong","Etinan LGA",10,15,"Akwa Ibom Citizen",2026-09-04T02:08:58.337Z
"David Inam","Eastern Obolo LGA",11,15,"Dakkada Ambassador",2026-09-02T01:40:04.195Z
"Abasifreke Inyang","Ini LGA",14,15,"Pure Akwa Ibom Legend",2026-09-01T07:29:52.216Z
"Nsikan Attah","Oron LGA",10,15,"Akwa Ibom Citizen",2026-09-04T12:01:26.715Z
"Anietie Archibong","Johannesburg, South Africa (Diaspora)",14,15,"Pure Akwa Ibom Legend",2026-08-30T00:16:15.673Z
"Ekemini Isong","Ikot Abasi LGA",11,15,"Dakkada Ambassador",2026-08-30T10:39:56.165Z
"Victor Archibong","Obot Akara LGA",15,15,"Pure Akwa Ibom Legend",2026-09-02T07:00:23.629Z
"David Inyang","Okobo LGA",12,15,"Dakkada Ambassador",2026-09-02T12:29:51.544Z
"Emmanuel Ekanem","Ibesikpo Asutan LGA",12,15,"Dakkada Ambassador",2026-09-02T19:16:52.095Z
"Eno Akpan","Eastern Obolo LGA",13,15,"Dakkada Ambassador",2026-09-05T05:13:41.559Z
"Ini Akpabio","Oron LGA",10,15,"Akwa Ibom Citizen",2026-08-30T18:45:29.712Z
"Imaobong Akpan","Ikot Abasi LGA",14,15,"Pure Akwa Ibom Legend",2026-09-01T20:41:35.304Z
"Iniobong Ekpo","Etim Ekpo LGA",14,15,"Pure Akwa Ibom Legend",2026-08-31T16:39:27.250Z
"Anietie Attah","Dallas, TX (Diaspora)",14,15,"Pure Akwa Ibom Legend",2026-09-02T05:55:09.479Z
"Bassey Effiong","Maryland, USA (Diaspora)",15,15,"Pure Akwa Ibom Legend",2026-09-02T00:16:23.047Z
"Uduak Etuk","Cotonou, Benin Republic (Diaspora)",14,15,"Pure Akwa Ibom Legend",2026-09-02T08:21:14.644Z
"Nsikan Inam","Urue-Offong/Oruko LGA",12,15,"Dakkada Ambassador",2026-08-31T13:34:54.089Z
"Itoro Bassey","Uyo LGA",14,15,"Pure Akwa Ibom Legend",2026-09-03T23:37:45.034Z
"Idongesit Etuk","Esit Eket LGA",13,15,"Dakkada Ambassador",2026-09-01T08:18:56.616Z
"Hope Ekpo","Ibesikpo Asutan LGA",15,15,"Pure Akwa Ibom Legend",2026-09-05T16:16:41.510Z
"Hope Umoh","Udung Uko LGA",14,15,"Pure Akwa Ibom Legend",2026-09-03T16:11:12.310Z
"Itoro Umoh","Ini LGA",12,15,"Dakkada Ambassador",2026-08-31T03:01:44.694Z
"David Bassey","Ika LGA",15,15,"Pure Akwa Ibom Legend",2026-09-05T01:53:17.583Z
"David Akpabio","Johannesburg, South Africa (Diaspora)",15,15,"Pure Akwa Ibom Legend",2026-08-30T10:23:32.791Z
"Precious Ekwere","Eastern Obolo LGA",13,15,"Dakkada Ambassador",2026-09-05T16:03:49.332Z
"Nsikan Umana","Okobo LGA",15,15,"Pure Akwa Ibom Legend",2026-08-31T14:59:04.127Z
"Bassey Otu","Urue-Offong/Oruko LGA",15,15,"Pure Akwa Ibom Legend",2026-09-04T10:58:50.930Z
"Precious Usoro","London, UK (Diaspora)",13,15,"Dakkada Ambassador",2026-09-01T18:09:18.319Z
"Abasifreke Udoh","Toronto, Canada (Diaspora)",13,15,"Dakkada Ambassador",2026-09-04T22:09:59.569Z
"Ekemini Akpanya","Toronto, Canada (Diaspora)",12,15,"Dakkada Ambassador",2026-09-03T13:20:40.112Z
"Grace Udoh","Onna LGA",15,15,"Pure Akwa Ibom Legend",2026-08-30T19:47:54.657Z
"Grace Edet","Cotonou, Benin Republic (Diaspora)",13,15,"Dakkada Ambassador",2026-09-02T04:15:42.373Z
"Precious Eno","Toronto, Canada (Diaspora)",13,15,"Dakkada Ambassador",2026-09-05T07:07:40.514Z
"Nsikan Essien","New York, USA (Diaspora)",12,15,"Dakkada Ambassador",2026-08-31T12:12:55.661Z
"Grace Edet","Uyo LGA",15,15,"Pure Akwa Ibom Legend",2026-09-03T13:20:44.683Z
"Eno Edet","Eket LGA",13,15,"Dakkada Ambassador",2026-09-02T03:53:29.541Z
"Hope Bassey","Ibeno LGA",15,15,"Pure Akwa Ibom Legend",2026-09-05T14:21:12.302Z
"Samuel Inam","Abak LGA",11,15,"Dakkada Ambassador",2026-09-04T00:58:44.809Z
"Hope Antia","New York, USA (Diaspora)",11,15,"Dakkada Ambassador",2026-08-31T07:25:48.805Z
"Ini Udoh","Ini LGA",13,15,"Dakkada Ambassador",2026-09-04T12:55:41.638Z
"Ekere Akpanya","New York, USA (Diaspora)",14,15,"Pure Akwa Ibom Legend",2026-09-05T05:55:34.217Z
"Faith Bassey","Ikono LGA",13,15,"Dakkada Ambassador",2026-09-01T16:58:51.518Z
"Emmanuel Otu","Ibeno LGA",15,15,"Pure Akwa Ibom Legend",2026-09-04T12:40:01.853Z
"Utibe Eno","Ikono LGA",11,15,"Dakkada Ambassador",2026-09-04T03:01:51.109Z
"Sunday Etuk","Ikono LGA",14,15,"Pure Akwa Ibom Legend",2026-09-01T21:53:55.555Z
"Imaobong Ntekim","Maryland, USA (Diaspora)",13,15,"Dakkada Ambassador",2026-09-01T18:02:34.834Z
"David Ntekim","Obot Akara LGA",15,15,"Pure Akwa Ibom Legend",2026-09-05T00:43:41.241Z
"Grace Akpabio","Okobo LGA",10,15,"Akwa Ibom Citizen",2026-09-01T15:32:13.752Z
"Precious Asuquo","Ibeno LGA",12,15,"Dakkada Ambassador",2026-09-04T18:44:21.067Z
"Ofonime Edet","Nsit Ibom LGA",15,15,"Pure Akwa Ibom Legend",2026-09-05T07:56:21.727Z
"Imaobong Ekpo","Ikot Abasi LGA",15,15,"Pure Akwa Ibom Legend",2026-08-29T19:53:37.427Z
"Enobong Asuquo","Udung Uko LGA",12,15,"Dakkada Ambassador",2026-09-03T03:17:33.769Z
"David Udoh","Ini LGA",13,15,"Dakkada Ambassador",2026-09-02T00:05:26.072Z
"Idongesit Umana","Uruan LGA",12,15,"Dakkada Ambassador",2026-09-02T12:50:53.102Z
"Abasifreke Usoro","Abak LGA",12,15,"Dakkada Ambassador",2026-09-02T02:04:44.884Z
"Etebong Essien","Essien Udim LGA",13,15,"Dakkada Ambassador",2026-08-31T21:47:19.318Z
"Mfon Okon","Uruan LGA",14,15,"Pure Akwa Ibom Legend",2026-09-02T23:08:40.267Z
"Mercy Etukudo","Oruk Anam LGA",9,15,"Akwa Ibom Citizen",2026-08-30T05:00:16.896Z
"Hope Ekanem","Ikot Ekpene LGA",10,15,"Akwa Ibom Citizen",2026-09-01T10:02:37.719Z
"Edidiong Inam","Ukanafun LGA",14,15,"Pure Akwa Ibom Legend",2026-09-03T14:37:28.615Z
"Nsikan Ekanem","Itu LGA",14,15,"Pure Akwa Ibom Legend",2026-09-04T13:30:10.621Z
"Grace Akpanya","Mkpat Enin LGA",11,15,"Dakkada Ambassador",2026-08-29T21:29:33.531Z
"Eno Otu","Nsit Ibom LGA",15,15,"Pure Akwa Ibom Legend",2026-09-01T02:46:27.693Z
"Godwin Isong","Calgary, Canada (Diaspora)",15,15,"Pure Akwa Ibom Legend",2026-09-03T14:27:33.229Z
"Daniel Okon","Ika LGA",14,15,"Pure Akwa Ibom Legend",2026-09-05T17:44:10.268Z
"Victor Effiong","Atlanta, GA (Diaspora)",9,15,"Akwa Ibom Citizen",2026-09-04T23:10:08.711Z
"Blessing Otu","Uyo LGA",15,15,"Pure Akwa Ibom Legend",2026-08-30T10:16:57.818Z
"Etebong Attah","Ika LGA",12,15,"Dakkada Ambassador",2026-09-02T21:10:45.702Z
"Uduak Ekwere","Ikono LGA",14,15,"Pure Akwa Ibom Legend",2026-09-05T07:37:08.487Z
"Itoro Akpanya","Ikot Ekpene LGA",10,15,"Akwa Ibom Citizen",2026-09-05T10:31:21.578Z
"Idongesit Usoro","Nsit Ibom LGA",12,15,"Dakkada Ambassador",2026-09-04T16:12:18.959Z
"Anietie Archibong","Obot Akara LGA",14,15,"Pure Akwa Ibom Legend",2026-09-04T07:12:32.826Z
"Etebong Ekanem","Nsit Atai LGA",13,15,"Dakkada Ambassador",2026-09-02T00:28:01.235Z
"Mfon Ekanem","Eastern Obolo LGA",10,15,"Akwa Ibom Citizen",2026-08-30T19:05:19.718Z
"Samuel Essien","Nsit Ubium LGA",12,15,"Dakkada Ambassador",2026-09-05T12:05:40.536Z
"Victor Udom","Etinan LGA",12,15,"Dakkada Ambassador",2026-08-31T23:55:04.216Z
"Uduak Eno","Atlanta, GA (Diaspora)",13,15,"Dakkada Ambassador",2026-08-29T21:24:58.768Z
"Idongesit Akpabio","Ikot Ekpene LGA",15,15,"Pure Akwa Ibom Legend",2026-09-02T03:45:22.840Z
"Itoro Okon","Ikono LGA",12,15,"Dakkada Ambassador",2026-09-01T10:26:57.088Z
"Grace Essien","Eastern Obolo LGA",12,15,"Dakkada Ambassador",2026-09-02T15:29:28.851Z
"Iniobong Okon","Udung Uko LGA",14,15,"Pure Akwa Ibom Legend",2026-08-31T19:44:44.310Z
"Ekemini Udo","Ini LGA",12,15,"Dakkada Ambassador",2026-08-30T18:05:21.966Z
"Eno Akpanya","Itu LGA",14,15,"Pure Akwa Ibom Legend",2026-09-02T06:46:06.477Z
"Faith Ekpo","London, UK (Diaspora)",13,15,"Dakkada Ambassador",2026-08-30T01:54:41.531Z
"Ekemini Ekong","Ini LGA",11,15,"Dakkada Ambassador",2026-09-05T16:15:26.684Z
"Idongesit Inyang","Ini LGA",13,15,"Dakkada Ambassador",2026-08-30T01:53:25.376Z
"Victor Archibong","Uyo LGA",13,15,"Dakkada Ambassador",2026-09-03T17:51:52.865Z
"David Bassey","Dubai, UAE (Diaspora)",15,15,"Pure Akwa Ibom Legend",2026-09-02T04:27:48.283Z
"Sunday Udo","Johannesburg, South Africa (Diaspora)",15,15,"Pure Akwa Ibom Legend",2026-09-02T17:14:50.778Z
"Emem Okon","Ikot Abasi LGA",14,15,"Pure Akwa Ibom Legend",2026-09-03T10:52:08.510Z
"Faith Asuquo","Udung Uko LGA",14,15,"Pure Akwa Ibom Legend",2026-09-04T16:34:06.956Z
"Victor Inyang","Itu LGA",14,15,"Pure Akwa Ibom Legend",2026-09-02T23:54:19.894Z
"David Akpabio","Atlanta, GA (Diaspora)",14,15,"Pure Akwa Ibom Legend",2026-09-04T18:08:43.020Z
"Daniel Ntekim","Essien Udim LGA",15,15,"Pure Akwa Ibom Legend",2026-09-03T12:46:59.866Z
"Enobong Etukudo","Urue-Offong/Oruko LGA",14,15,"Pure Akwa Ibom Legend",2026-09-05T15:47:20.359Z
"Eno Udom","Toronto, Canada (Diaspora)",13,15,"Dakkada Ambassador",2026-08-31T00:22:58.016Z
"Emem Asuquo","Mbo LGA",14,15,"Pure Akwa Ibom Legend",2026-09-01T23:02:11.659Z
"Victor Antia","Cotonou, Benin Republic (Diaspora)",14,15,"Pure Akwa Ibom Legend",2026-09-02T12:34:30.612Z
"Imaobong Attah","Ibesikpo Asutan LGA",15,15,"Pure Akwa Ibom Legend",2026-09-02T05:14:59.365Z
"Ubong Otu","Etinan LGA",10,15,"Akwa Ibom Citizen",2026-08-30T22:48:28.904Z
"Iniobong Otu","Ikono LGA",14,15,"Pure Akwa Ibom Legend",2026-08-30T02:06:29.359Z
"Hope Attah","Ibiono Ibom LGA",15,15,"Pure Akwa Ibom Legend",2026-08-30T19:45:44.886Z
"Ubong Ntekim","Esit Eket LGA",15,15,"Pure Akwa Ibom Legend",2026-08-30T21:32:40.425Z
"Ekere Isong","Toronto, Canada (Diaspora)",13,15,"Dakkada Ambassador",2026-09-05T03:28:29.009Z
"Bassey Okon","New York, USA (Diaspora)",15,15,"Pure Akwa Ibom Legend",2026-09-05T18:35:22.000Z
"Edikan Ekanem","Uyo LGA",12,15,"Dakkada Ambassador",2026-09-05T17:18:40.936Z
"Edikan Ntekim","Cotonou, Benin Republic (Diaspora)",14,15,"Pure Akwa Ibom Legend",2026-09-01T22:16:26.213Z
"Mercy Umana","Essien Udim LGA",14,15,"Pure Akwa Ibom Legend",2026-09-03T23:27:54.155Z
"Ekemini Umoh","Onna LGA",14,15,"Pure Akwa Ibom Legend",2026-09-05T04:25:23.744Z
"Itoro Akpanya","New York, USA (Diaspora)",13,15,"Dakkada Ambassador",2026-09-03T06:58:41.491Z
"Mfon Akpanya","Calgary, Canada (Diaspora)",15,15,"Pure Akwa Ibom Legend",2026-09-05T09:43:01.164Z
"Mfon Eno","Mkpat Enin LGA",11,15,"Dakkada Ambassador",2026-08-30T03:41:52.096Z
"Victor Usoro","Atlanta, GA (Diaspora)",13,15,"Dakkada Ambassador",2026-09-03T05:06:05.512Z
"Anietie Archibong","Nsit Ubium LGA",13,15,"Dakkada Ambassador",2026-09-05T17:56:33.371Z
"Anietie Akpan","Oruk Anam LGA",13,15,"Dakkada Ambassador",2026-08-31T02:55:42.463Z
"Nsikan Inyang","Houston, USA (Diaspora)",14,15,"Pure Akwa Ibom Legend",2026-09-02T15:51:37.976Z
"Ekere Usoro","New York, USA (Diaspora)",13,15,"Dakkada Ambassador",2026-09-02T12:07:55.316Z
"Utibe Attah","Maryland, USA (Diaspora)",15,15,"Pure Akwa Ibom Legend",2026-08-30T09:05:48.813Z
"Mfon Udom","Ukanafun LGA",14,15,"Pure Akwa Ibom Legend",2026-09-03T23:30:22.389Z
"Aniekan Akpan","Onna LGA",15,15,"Pure Akwa Ibom Legend",2026-09-04T04:30:20.819Z
"Uduak Umoh","Esit Eket LGA",12,15,"Dakkada Ambassador",2026-09-02T10:00:58.647Z
"Precious Asuquo","Ikot Ekpene LGA",8,15,"Akwa Ibom Citizen",2026-08-31T19:21:09.651Z
"Emmanuel Isong","Mkpat Enin LGA",15,15,"Pure Akwa Ibom Legend",2026-09-04T16:33:08.932Z
"Samuel Ekanem","Onna LGA",11,15,"Dakkada Ambassador",2026-09-05T15:27:45.834Z
"Precious Inyang","Houston, USA (Diaspora)",15,15,"Pure Akwa Ibom Legend",2026-09-05T03:40:13.530Z
"Abasifreke Udo","Uyo LGA",15,15,"Pure Akwa Ibom Legend",2026-09-05T09:19:13.112Z
"David Ekong","Obot Akara LGA",14,15,"Pure Akwa Ibom Legend",2026-09-02T13:19:33.115Z
"Daniel Akpanya","Urue-Offong/Oruko LGA",12,15,"Dakkada Ambassador",2026-09-02T14:02:26.968Z
"Emem Akpan","Maryland, USA (Diaspora)",15,15,"Pure Akwa Ibom Legend",2026-09-04T21:15:29.490Z
"Nsikan Udom","Atlanta, GA (Diaspora)",15,15,"Pure Akwa Ibom Legend",2026-08-30T14:20:04.916Z
"Sunday Okon","Uruan LGA",14,15,"Pure Akwa Ibom Legend",2026-09-04T07:37:14.684Z
"Ini Udo","Uruan LGA",15,15,"Pure Akwa Ibom Legend",2026-09-04T02:06:19.941Z
"Utibe Edet","Obot Akara LGA",12,15,"Dakkada Ambassador",2026-08-30T08:26:45.095Z
"Etebong Inam","Uyo LGA",13,15,"Dakkada Ambassador",2026-09-03T10:36:59.496Z
"David Essien","Oruk Anam LGA",12,15,"Dakkada Ambassador",2026-09-02T06:45:27.478Z
"Enobong Etuk","Nsit Ibom LGA",13,15,"Dakkada Ambassador",2026-09-02T15:37:26.253Z
"Edikan Isong","Obot Akara LGA",14,15,"Pure Akwa Ibom Legend",2026-09-01T12:10:35.841Z
"Victor Usoro","Onna LGA",13,15,"Dakkada Ambassador",2026-09-04T21:44:34.614Z
"Emmanuel Udom","Urue-Offong/Oruko LGA",14,15,"Pure Akwa Ibom Legend",2026-09-03T17:01:47.317Z
"Ini Antia","Nsit Ubium LGA",9,15,"Akwa Ibom Citizen",2026-08-30T00:20:16.185Z
"Grace Ekanem","Ika LGA",12,15,"Dakkada Ambassador",2026-09-01T21:48:20.716Z
"Eno Edet","Ibiono Ibom LGA",14,15,"Pure Akwa Ibom Legend",2026-08-31T15:03:38.297Z
"Idongesit Udom","Ini LGA",12,15,"Dakkada Ambassador",2026-08-31T06:01:23.527Z
"Emmanuel Otu","Eket LGA",13,15,"Dakkada Ambassador",2026-08-30T00:19:23.117Z
"Sunday Inam","Ukanafun LGA",13,15,"Dakkada Ambassador",2026-09-02T03:45:23.281Z
"Edidiong Ekwere","Houston, USA (Diaspora)",15,15,"Pure Akwa Ibom Legend",2026-09-02T19:36:21.987Z
"Bassey Udo","Obot Akara LGA",14,15,"Pure Akwa Ibom Legend",2026-09-05T15:30:59.232Z
"Utibe Udom","Cotonou, Benin Republic (Diaspora)",15,15,"Pure Akwa Ibom Legend",2026-09-01T05:35:26.156Z
"Victor Ekong","London, UK (Diaspora)",5,15,"JJC for Akwa Ibom",2026-09-03T03:50:09.823Z
"Idongesit Effiong","Urue-Offong/Oruko LGA",14,15,"Pure Akwa Ibom Legend",2026-09-04T10:36:33.531Z
"Joy Udom","Calgary, Canada (Diaspora)",12,15,"Dakkada Ambassador",2026-09-03T07:27:03.351Z
"Joy Akpanya","Okobo LGA",13,15,"Dakkada Ambassador",2026-09-04T23:09:46.759Z
"Blessing Ekwere","Ika LGA",12,15,"Dakkada Ambassador",2026-09-03T16:28:20.294Z
"Precious Otu","Eket LGA",14,15,"Pure Akwa Ibom Legend",2026-09-03T11:41:01.152Z
"Eno Edet","Toronto, Canada (Diaspora)",14,15,"Pure Akwa Ibom Legend",2026-09-02T04:38:42.550Z
"Nsikan Okon","Ibiono Ibom LGA",13,15,"Dakkada Ambassador",2026-09-03T18:24:26.796Z
"Edikan Ekpo","Etinan LGA",13,15,"Dakkada Ambassador",2026-09-01T22:24:07.242Z
"Eno Archibong","Ibesikpo Asutan LGA",15,15,"Pure Akwa Ibom Legend",2026-09-03T03:32:51.354Z
"Nsikan Inyang","Oruk Anam LGA",12,15,"Dakkada Ambassador",2026-09-04T09:32:07.188Z
"Bassey Udo","Maryland, USA (Diaspora)",12,15,"Dakkada Ambassador",2026-08-31T20:00:27.175Z
"Ekere Archibong","Etim Ekpo LGA",13,15,"Dakkada Ambassador",2026-09-01T00:46:49.017Z
"Daniel Ekwere","Ibesikpo Asutan LGA",12,15,"Dakkada Ambassador",2026-09-02T02:24:07.255Z
"Mfon Etukudo","London, UK (Diaspora)",13,15,"Dakkada Ambassador",2026-09-03T22:22:20.616Z
"Imaobong Udoh","Esit Eket LGA",14,15,"Pure Akwa Ibom Legend",2026-08-31T22:37:35.618Z
"Itoro Edet","Ukanafun LGA",15,15,"Pure Akwa Ibom Legend",2026-08-31T08:50:25.398Z
"Aniekan Asuquo","London, UK (Diaspora)",14,15,"Pure Akwa Ibom Legend",2026-08-29T23:30:01.752Z
"Nsikan Udom","Essien Udim LGA",10,15,"Akwa Ibom Citizen",2026-09-03T15:01:28.221Z
"Godwin Inyang","Esit Eket LGA",13,15,"Dakkada Ambassador",2026-09-05T06:41:15.928Z
"Ubong Isong","Obot Akara LGA",15,15,"Pure Akwa Ibom Legend",2026-09-02T08:00:04.889Z
"Aniekan Edet","Eket LGA",14,15,"Pure Akwa Ibom Legend",2026-09-03T10:32:56.680Z
"Kufre Okon","Ibesikpo Asutan LGA",11,15,"Dakkada Ambassador",2026-09-02T04:24:15.175Z
"Etebong Inam","Ikot Ekpene LGA",14,15,"Pure Akwa Ibom Legend",2026-08-31T17:44:49.976Z
"Idongesit Umoh","Toronto, Canada (Diaspora)",14,15,"Pure Akwa Ibom Legend",2026-08-29T23:42:28.958Z
"Nsikan Edet","Onna LGA",13,15,"Dakkada Ambassador",2026-09-04T11:05:12.310Z
"Bassey Ekanem","Eket LGA",12,15,"Dakkada Ambassador",2026-09-02T17:01:40.812Z
"Ofonime Inam","Oron LGA",13,15,"Dakkada Ambassador",2026-08-31T16:08:02.633Z
"Mercy Inyang","Nsit Ubium LGA",12,15,"Dakkada Ambassador",2026-09-04T07:53:49.917Z
"David Bassey","Ibeno LGA",15,15,"Pure Akwa Ibom Legend",2026-09-03T21:22:22.103Z
"Mfon Archibong","Maryland, USA (Diaspora)",14,15,"Pure Akwa Ibom Legend",2026-09-05T13:28:17.212Z
"Nsikan Isong","Ini LGA",14,15,"Pure Akwa Ibom Legend",2026-09-02T16:07:47.734Z
"Etebong Essien","Esit Eket LGA",13,15,"Dakkada Ambassador",2026-09-02T08:41:46.632Z
"Anietie Inam","Itu LGA",10,15,"Akwa Ibom Citizen",2026-09-02T20:20:15.612Z
"Aniekan Attah","Johannesburg, South Africa (Diaspora)",11,15,"Dakkada Ambassador",2026-09-03T06:42:40.576Z
"Itoro Inyang","Nsit Ubium LGA",15,15,"Pure Akwa Ibom Legend",2026-09-02T21:03:01.835Z
"Blessing Ekong","Esit Eket LGA",9,15,"Akwa Ibom Citizen",2026-09-02T16:44:57.484Z
"Edikan Akpanya","Ikot Abasi LGA",8,15,"Akwa Ibom Citizen",2026-09-05T02:46:33.488Z
"Aniekan Antia","Nsit Atai LGA",12,15,"Dakkada Ambassador",2026-09-03T17:44:36.190Z
"Etebong Okon","Ikot Abasi LGA",12,15,"Dakkada Ambassador",2026-08-30T04:14:09.099Z
"Faith Effiong","Toronto, Canada (Diaspora)",15,15,"Pure Akwa Ibom Legend",2026-09-04T22:46:46.864Z
"Mercy Bassey","Dallas, TX (Diaspora)",14,15,"Pure Akwa Ibom Legend",2026-09-02T01:27:50.231Z
"Hope Ekanem","Ika LGA",14,15,"Pure Akwa Ibom Legend",2026-08-31T21:32:40.048Z
"Samuel Attah","Ibesikpo Asutan LGA",14,15,"Pure Akwa Ibom Legend",2026-09-01T16:00:21.841Z
"Enobong Ekanem","Etim Ekpo LGA",12,15,"Dakkada Ambassador",2026-09-04T17:08:53.148Z
"Daniel Attah","Ibiono Ibom LGA",13,15,"Dakkada Ambassador",2026-09-01T23:53:48.178Z
"Ekere Umoh","Maryland, USA (Diaspora)",12,15,"Dakkada Ambassador",2026-08-30T14:40:42.713Z
"Ofonime Etuk","Essien Udim LGA",14,15,"Pure Akwa Ibom Legend",2026-08-31T07:12:06.139Z
"Imaobong Edet","Maryland, USA (Diaspora)",12,15,"Dakkada Ambassador",2026-09-03T17:44:34.487Z
"Uduak Eno","Houston, USA (Diaspora)",14,15,"Pure Akwa Ibom Legend",2026-09-01T11:50:38.201Z
"Anietie Okon","Ibesikpo Asutan LGA",11,15,"Dakkada Ambassador",2026-09-03T11:12:50.690Z
"Edidiong Ekwere","Oron LGA",15,15,"Pure Akwa Ibom Legend",2026-09-03T21:48:33.202Z
"Ofonime Inam","Ini LGA",13,15,"Dakkada Ambassador",2026-09-03T18:29:42.896Z
"Mfon Akpabio","Ibiono Ibom LGA",15,15,"Pure Akwa Ibom Legend",2026-08-30T01:01:03.230Z
"Ubong Etukudo","Houston, USA (Diaspora)",14,15,"Pure Akwa Ibom Legend",2026-08-31T01:29:57.215Z
"Faith Eno","Uyo LGA",13,15,"Dakkada Ambassador",2026-08-31T08:37:15.498Z
"Anietie Antia","Eastern Obolo LGA",13,15,"Dakkada Ambassador",2026-08-30T16:31:20.172Z
"Edikan Ekpo","Mkpat Enin LGA",13,15,"Dakkada Ambassador",2026-09-01T06:49:04.128Z
"Ofonime Archibong","Ibiono Ibom LGA",14,15,"Pure Akwa Ibom Legend",2026-08-30T11:09:29.714Z
"Emmanuel Etukudo","Ukanafun LGA",12,15,"Dakkada Ambassador",2026-08-31T21:04:24.198Z
"Utibe Essien","Itu LGA",12,15,"Dakkada Ambassador",2026-08-30T13:14:16.340Z
"Ekere Umoh","Ibiono Ibom LGA",14,15,"Pure Akwa Ibom Legend",2026-09-01T06:15:13.476Z
"Emem Inyang","Ukanafun LGA",13,15,"Dakkada Ambassador",2026-09-04T02:39:11.217Z
"Ofonime Bassey","Ibesikpo Asutan LGA",14,15,"Pure Akwa Ibom Legend",2026-08-30T01:16:15.833Z
"Enobong Antia","Mkpat Enin LGA",6,15,"Akwa Ibom Citizen",2026-09-03T18:25:14.076Z
"Mfon Ekanem","Ini LGA",13,15,"Dakkada Ambassador",2026-09-03T04:45:33.763Z
"Kufre Otu","Nsit Ibom LGA",11,15,"Dakkada Ambassador",2026-09-05T02:51:14.576Z
"Nsikan Effiong","Mbo LGA",13,15,"Dakkada Ambassador",2026-09-04T13:33:05.001Z
"Faith Inam","Ikot Ekpene LGA",14,15,"Pure Akwa Ibom Legend",2026-09-05T02:59:50.952Z
"Emem Ekwere","Toronto, Canada (Diaspora)",12,15,"Dakkada Ambassador",2026-08-30T03:02:25.947Z
"Samuel Effiong","Itu LGA",12,15,"Dakkada Ambassador",2026-08-29T22:18:39.014Z
"Godwin Edet","Urue-Offong/Oruko LGA",14,15,"Pure Akwa Ibom Legend",2026-08-31T13:45:02.056Z
"Aniekan Asuquo","Etinan LGA",14,15,"Pure Akwa Ibom Legend",2026-09-01T18:57:08.228Z
"Enobong Umoh","Ini LGA",13,15,"Dakkada Ambassador",2026-08-30T05:43:06.369Z
"Itoro Eno","Dallas, TX (Diaspora)",13,15,"Dakkada Ambassador",2026-09-03T00:45:50.977Z
"Sunday Asuquo","Abak LGA",12,15,"Dakkada Ambassador",2026-09-04T04:19:51.446Z
"Samuel Effiong","Ikot Abasi LGA",13,15,"Dakkada Ambassador",2026-08-30T13:37:13.957Z
"Aniekan Udom","Abak LGA",12,15,"Dakkada Ambassador",2026-08-30T16:33:39.427Z
"Emem Eno","Onna LGA",10,15,"Akwa Ibom Citizen",2026-09-05T11:49:48.931Z
"Samuel Usoro","Calgary, Canada (Diaspora)",14,15,"Pure Akwa Ibom Legend",2026-09-04T14:50:32.059Z
"Ofonime Isong","Onna LGA",14,15,"Pure Akwa Ibom Legend",2026-08-30T12:20:44.462Z
"Edidiong Ekong","Onna LGA",12,15,"Dakkada Ambassador",2026-09-01T05:31:17.892Z
"Itoro Inyang","Etinan LGA",14,15,"Pure Akwa Ibom Legend",2026-09-04T03:38:55.323Z
"Iniobong Ekong","Oruk Anam LGA",10,15,"Akwa Ibom Citizen",2026-08-31T18:32:30.325Z
"Iniobong Akpanya","London, UK (Diaspora)",11,15,"Dakkada Ambassador",2026-09-03T08:14:24.561Z
"Ubong Akpan","Eastern Obolo LGA",13,15,"Dakkada Ambassador",2026-09-05T04:26:53.202Z
"Kufre Etuk","Okobo LGA",13,15,"Dakkada Ambassador",2026-09-01T21:37:53.660Z
"Daniel Ntekim","New York, USA (Diaspora)",14,15,"Pure Akwa Ibom Legend",2026-09-04T13:53:21.783Z
"Uduak Inam","Obot Akara LGA",14,15,"Pure Akwa Ibom Legend",2026-08-31T07:37:01.753Z
"Uduak Akpan","Ibeno LGA",14,15,"Pure Akwa Ibom Legend",2026-09-05T02:20:13.946Z
"Blessing Akpabio","Dubai, UAE (Diaspora)",15,15,"Pure Akwa Ibom Legend",2026-08-31T16:09:55.533Z
"Emem Inam","Ibiono Ibom LGA",14,15,"Pure Akwa Ibom Legend",2026-08-31T16:45:24.179Z
"Idongesit Etuk","Okobo LGA",14,15,"Pure Akwa Ibom Legend",2026-09-03T10:25:09.791Z
"Itoro Akpabio","Udung Uko LGA",14,15,"Pure Akwa Ibom Legend",2026-09-01T23:03:08.116Z
"Victor Etuk","Obot Akara LGA",14,15,"Pure Akwa Ibom Legend",2026-09-03T23:35:22.377Z
"Grace Ekanem","Mkpat Enin LGA",15,15,"Pure Akwa Ibom Legend",2026-09-02T14:46:22.782Z
"Imaobong Essien","Ikono LGA",11,15,"Dakkada Ambassador",2026-08-30T07:32:29.870Z
"Utibe Essien","Esit Eket LGA",14,15,"Pure Akwa Ibom Legend",2026-09-04T15:24:17.319Z
"Uduak Antia","Eket LGA",15,15,"Pure Akwa Ibom Legend",2026-09-01T08:51:27.269Z
"Itoro Essien","Oron LGA",15,15,"Pure Akwa Ibom Legend",2026-09-01T18:27:54.952Z
"Iniobong Inyang","Nsit Ubium LGA",12,15,"Dakkada Ambassador",2026-08-31T07:43:09.809Z
"Samuel Ntekim","Ini LGA",14,15,"Pure Akwa Ibom Legend",2026-08-31T06:36:16.787Z
"Itoro Archibong","Dallas, TX (Diaspora)",12,15,"Dakkada Ambassador",2026-08-30T12:04:39.409Z
"Aniekan Umoh","Ibesikpo Asutan LGA",10,15,"Akwa Ibom Citizen",2026-08-30T06:57:27.594Z
"Anietie Edet","Houston, USA (Diaspora)",11,15,"Dakkada Ambassador",2026-09-02T03:54:52.510Z
"Imaobong Umoh","New York, USA (Diaspora)",15,15,"Pure Akwa Ibom Legend",2026-08-30T05:58:13.917Z
"Precious Isong","Eastern Obolo LGA",15,15,"Pure Akwa Ibom Legend",2026-09-03T04:14:43.711Z
"Ubong Otu","Mbo LGA",14,15,"Pure Akwa Ibom Legend",2026-09-01T09:26:34.511Z
"Idongesit Otu","Nsit Atai LGA",15,15,"Pure Akwa Ibom Legend",2026-08-31T08:30:30.930Z
"Samuel Ekong","Uyo LGA",14,15,"Pure Akwa Ibom Legend",2026-09-01T13:44:28.142Z
"Sunday Inam","Ini LGA",14,15,"Pure Akwa Ibom Legend",2026-08-31T18:43:04.517Z
"Eno Akpanya","Urue-Offong/Oruko LGA",13,15,"Dakkada Ambassador",2026-09-05T05:45:02.818Z
"Anietie Inam","Nsit Ibom LGA",10,15,"Akwa Ibom Citizen",2026-09-05T18:35:43.070Z
"Anietie Usoro","Obot Akara LGA",15,15,"Pure Akwa Ibom Legend",2026-08-31T16:05:52.004Z
"Imaobong Akpabio","Essien Udim LGA",15,15,"Pure Akwa Ibom Legend",2026-09-02T17:27:34.285Z
"Samuel Umoh","Ikot Abasi LGA",10,15,"Akwa Ibom Citizen",2026-08-30T17:43:00.778Z
"Grace Archibong","Manchester, UK (Diaspora)",14,15,"Pure Akwa Ibom Legend",2026-09-04T06:45:39.280Z
"Nsikan Ekwere","Ikot Abasi LGA",12,15,"Dakkada Ambassador",2026-08-30T01:48:58.026Z
"Edikan Udoh","Ikot Abasi LGA",12,15,"Dakkada Ambassador",2026-09-03T02:21:49.780Z
"Edidiong Usoro","Ikot Ekpene LGA",14,15,"Pure Akwa Ibom Legend",2026-08-31T22:05:54.946Z
"Ekere Okon","Ikono LGA",11,15,"Dakkada Ambassador",2026-09-01T08:27:40.156Z
"Ekere Ntekim","Houston, USA (Diaspora)",12,15,"Dakkada Ambassador",2026-08-31T09:34:26.145Z
"Etebong Ekwere","Abak LGA",15,15,"Pure Akwa Ibom Legend",2026-09-01T06:24:22.356Z
"Grace Inyang","Ikot Abasi LGA",12,15,"Dakkada Ambassador",2026-09-04T15:48:27.733Z
"Hope Essien","Mbo LGA",15,15,"Pure Akwa Ibom Legend",2026-08-31T06:40:41.379Z
"Etebong Udom","Uruan LGA",14,15,"Pure Akwa Ibom Legend",2026-09-04T20:42:52.926Z
"Utibe Etukudo","Oruk Anam LGA",10,15,"Akwa Ibom Citizen",2026-08-31T05:00:02.284Z
"Daniel Etukudo","Ikono LGA",13,15,"Dakkada Ambassador",2026-09-04T19:34:25.629Z
"Joy Ekanem","Ikot Abasi LGA",15,15,"Pure Akwa Ibom Legend",2026-09-05T10:47:56.085Z
"Edidiong Ekong","Manchester, UK (Diaspora)",12,15,"Dakkada Ambassador",2026-08-31T10:48:19.613Z
"Anietie Attah","Uruan LGA",15,15,"Pure Akwa Ibom Legend",2026-09-03T09:31:53.417Z
"Utibe Udo","New York, USA (Diaspora)",15,15,"Pure Akwa Ibom Legend",2026-09-01T12:48:42.496Z
"Ubong Udo","Esit Eket LGA",14,15,"Pure Akwa Ibom Legend",2026-09-03T10:56:23.503Z
"Samuel Bassey","Obot Akara LGA",14,15,"Pure Akwa Ibom Legend",2026-08-30T00:28:33.882Z
"Bassey Udo","Ika LGA",15,15,"Pure Akwa Ibom Legend",2026-09-02T22:28:53.452Z
"Kufre Bassey","Udung Uko LGA",12,15,"Dakkada Ambassador",2026-08-31T01:08:04.080Z
"Idongesit Eno","Nsit Ubium LGA",7,15,"Akwa Ibom Citizen",2026-09-03T22:07:21.110Z
"Kufre Usoro","Mkpat Enin LGA",15,15,"Pure Akwa Ibom Legend",2026-09-03T05:59:14.465Z
"Precious Attah","Okobo LGA",14,15,"Pure Akwa Ibom Legend",2026-09-03T16:41:24.758Z
"Mercy Inam","Ikot Abasi LGA",13,15,"Dakkada Ambassador",2026-09-04T16:17:41.459Z
"Kufre Akpabio","Esit Eket LGA",15,15,"Pure Akwa Ibom Legend",2026-08-31T06:07:09.458Z
"David Effiong","Onna LGA",13,15,"Dakkada Ambassador",2026-08-31T08:49:54.406Z
"Uduak Ekong","Oruk Anam LGA",8,15,"Akwa Ibom Citizen",2026-09-05T05:10:35.058Z
"Edidiong Otu","New York, USA (Diaspora)",11,15,"Dakkada Ambassador",2026-09-01T22:49:48.368Z
"Edikan Etukudo","Esit Eket LGA",15,15,"Pure Akwa Ibom Legend",2026-09-02T19:59:45.735Z
"Uduak Effiong","Ini LGA",7,15,"Akwa Ibom Citizen",2026-09-04T10:54:04.809Z
"Grace Archibong","Ikot Abasi LGA",14,15,"Pure Akwa Ibom Legend",2026-09-03T08:44:00.946Z
"Aniekan Edet","Ukanafun LGA",15,15,"Pure Akwa Ibom Legend",2026-09-02T11:23:16.758Z
"Kufre Akpan","Ikot Abasi LGA",11,15,"Dakkada Ambassador",2026-08-30T14:24:13.069Z
"Precious Isong","Udung Uko LGA",14,15,"Pure Akwa Ibom Legend",2026-09-02T08:07:09.038Z
"Mercy Ekong","Nsit Ibom LGA",12,15,"Dakkada Ambassador",2026-09-03T18:06:57.178Z
"Ekere Eno","Ibiono Ibom LGA",13,15,"Dakkada Ambassador",2026-08-31T22:55:00.324Z
"Uduak Edet","Eastern Obolo LGA",10,15,"Akwa Ibom Citizen",2026-09-05T02:35:04.756Z
"Abasifreke Udom","Oron LGA",13,15,"Dakkada Ambassador",2026-09-04T01:21:54.692Z
"Imaobong Ekpo","Ukanafun LGA",15,15,"Pure Akwa Ibom Legend",2026-08-31T07:08:31.725Z
"Iniobong Ekong","Nsit Ubium LGA",12,15,"Dakkada Ambassador",2026-09-03T20:55:46.139Z
"Ini Otu","Toronto, Canada (Diaspora)",14,15,"Pure Akwa Ibom Legend",2026-08-30T02:49:51.312Z
"Ekere Akpanya","London, UK (Diaspora)",11,15,"Dakkada Ambassador",2026-08-30T03:45:16.952Z
"Precious Akpabio","Etinan LGA",15,15,"Pure Akwa Ibom Legend",2026-08-30T02:05:50.650Z
"Blessing Umana","Uyo LGA",15,15,"Pure Akwa Ibom Legend",2026-09-05T03:11:57.285Z
"Nsikan Ntekim","Abak LGA",14,15,"Pure Akwa Ibom Legend",2026-09-01T03:24:46.902Z
"David Ekpo","Ikot Abasi LGA",12,15,"Dakkada Ambassador",2026-09-04T16:23:15.110Z
"Grace Ekong","Ikot Abasi LGA",14,15,"Pure Akwa Ibom Legend",2026-09-01T00:59:53.498Z
"Victor Ekwere","Essien Udim LGA",13,15,"Dakkada Ambassador",2026-09-04T11:32:32.804Z
"Uduak Akpan","Oruk Anam LGA",12,15,"Dakkada Ambassador",2026-08-31T02:34:06.927Z
"Enobong Ekpo","Onna LGA",14,15,"Pure Akwa Ibom Legend",2026-09-03T17:27:56.270Z
"Ini Ekong","London, UK (Diaspora)",14,15,"Pure Akwa Ibom Legend",2026-09-03T09:13:41.705Z
"Joy Udom","Mkpat Enin LGA",13,15,"Dakkada Ambassador",2026-09-01T17:07:23.967Z
"Grace Essien","Itu LGA",15,15,"Pure Akwa Ibom Legend",2026-09-01T22:23:12.754Z
"Anietie Okon","Oruk Anam LGA",11,15,"Dakkada Ambassador",2026-09-03T11:25:25.975Z
"Faith Udoh","Atlanta, GA (Diaspora)",15,15,"Pure Akwa Ibom Legend",2026-08-31T11:14:46.100Z
"Anietie Eno","Oron LGA",11,15,"Dakkada Ambassador",2026-09-03T19:34:40.186Z
"Aniekan Bassey","Dallas, TX (Diaspora)",10,15,"Akwa Ibom Citizen",2026-09-02T19:44:49.146Z
"Joy Inam","Ikot Ekpene LGA",12,15,"Dakkada Ambassador",2026-09-04T20:43:14.702Z
"Emmanuel Udom","Ikot Abasi LGA",12,15,"Dakkada Ambassador",2026-09-03T15:44:17.234Z
"Hope Edet","Okobo LGA",14,15,"Pure Akwa Ibom Legend",2026-08-31T16:53:22.314Z
"Idongesit Isong","Nsit Ubium LGA",14,15,"Pure Akwa Ibom Legend",2026-08-30T00:45:45.490Z
"Anietie Inam","Ikot Ekpene LGA",11,15,"Dakkada Ambassador",2026-09-04T11:54:39.003Z
"Enobong Okon","Itu LGA",14,15,"Pure Akwa Ibom Legend",2026-09-04T15:15:00.500Z
"Anietie Bassey","Uruan LGA",11,15,"Dakkada Ambassador",2026-09-03T02:01:08.619Z
"Emem Etuk","Nsit Ibom LGA",14,15,"Pure Akwa Ibom Legend",2026-09-03T03:08:27.327Z
"Kufre Ekpo","Onna LGA",11,15,"Dakkada Ambassador",2026-09-04T09:09:15.572Z
"Daniel Umoh","Ibesikpo Asutan LGA",13,15,"Dakkada Ambassador",2026-08-31T17:39:02.296Z
"Etebong Udoh","Ikono LGA",12,15,"Dakkada Ambassador",2026-09-03T15:04:20.019Z
"Hope Antia","Dallas, TX (Diaspora)",12,15,"Dakkada Ambassador",2026-09-04T15:31:50.030Z
"Daniel Etuk","Oruk Anam LGA",12,15,"Dakkada Ambassador",2026-08-31T05:14:19.584Z
"Faith Essien","New York, USA (Diaspora)",14,15,"Pure Akwa Ibom Legend",2026-09-02T04:26:42.111Z
"Samuel Ekwere","Oruk Anam LGA",13,15,"Dakkada Ambassador",2026-08-30T22:26:42.295Z
"Ubong Ekpo","Oron LGA",15,15,"Pure Akwa Ibom Legend",2026-09-03T09:53:30.263Z
"Godwin Etukudo","Ukanafun LGA",7,15,"Akwa Ibom Citizen",2026-09-03T08:07:24.334Z
"Ubong Udoh","Obot Akara LGA",12,15,"Dakkada Ambassador",2026-09-01T17:29:22.114Z
"Samuel Inyang","Manchester, UK (Diaspora)",13,15,"Dakkada Ambassador",2026-09-04T10:22:22.176Z
"Utibe Inyang","Onna LGA",13,15,"Dakkada Ambassador",2026-09-03T13:11:42.340Z
"Utibe Okon","Nsit Ibom LGA",15,15,"Pure Akwa Ibom Legend",2026-09-03T07:32:11.517Z
"Grace Udoh","Etinan LGA",14,15,"Pure Akwa Ibom Legend",2026-08-30T11:10:54.163Z
"Iniobong Inam","Ibesikpo Asutan LGA",13,15,"Dakkada Ambassador",2026-08-31T15:28:34.855Z
"Mfon Isong","Onna LGA",14,15,"Pure Akwa Ibom Legend",2026-08-30T12:29:47.926Z
"Samuel Okon","Etinan LGA",15,15,"Pure Akwa Ibom Legend",2026-08-29T21:26:41.697Z
"Idongesit Akpabio","Cotonou, Benin Republic (Diaspora)",12,15,"Dakkada Ambassador",2026-09-01T21:42:07.939Z
"Nsikan Ekpo","Ibesikpo Asutan LGA",15,15,"Pure Akwa Ibom Legend",2026-09-04T10:28:50.985Z
"Blessing Usoro","Uyo LGA",14,15,"Pure Akwa Ibom Legend",2026-09-05T09:06:15.791Z
"Victor Ekwere","Mkpat Enin LGA",12,15,"Dakkada Ambassador",2026-09-01T11:12:49.078Z
"Eno Antia","Houston, USA (Diaspora)",14,15,"Pure Akwa Ibom Legend",2026-09-05T18:05:12.584Z
"Aniekan Archibong","Urue-Offong/Oruko LGA",15,15,"Pure Akwa Ibom Legend",2026-09-01T09:06:34.856Z
"Precious Attah","Oron LGA",15,15,"Pure Akwa Ibom Legend",2026-09-01T22:30:35.460Z
"Blessing Ekwere","Ini LGA",13,15,"Dakkada Ambassador",2026-09-03T01:17:30.102Z
"Kufre Antia","Oron LGA",13,15,"Dakkada Ambassador",2026-09-04T16:02:12.689Z
"Precious Usoro","Eket LGA",14,15,"Pure Akwa Ibom Legend",2026-09-03T13:14:35.634Z
"Grace Usoro","Udung Uko LGA",14,15,"Pure Akwa Ibom Legend",2026-09-02T20:38:43.026Z
"Blessing Ekpo","Ini LGA",11,15,"Dakkada Ambassador",2026-09-05T01:41:50.004Z
"Emem Okon","Abak LGA",15,15,"Pure Akwa Ibom Legend",2026-08-30T08:25:25.196Z
"Anietie Antia","Udung Uko LGA",15,15,"Pure Akwa Ibom Legend",2026-08-30T17:06:01.964Z
"Victor Eno","Oron LGA",14,15,"Pure Akwa Ibom Legend",2026-09-02T04:11:26.763Z
"Aniekan Ekpo","Ikot Ekpene LGA",15,15,"Pure Akwa Ibom Legend",2026-09-04T14:02:32.142Z
"Emem Etuk","Nsit Ibom LGA",12,15,"Dakkada Ambassador",2026-08-30T22:57:22.980Z
"Utibe Ekpo","Nsit Ibom LGA",11,15,"Dakkada Ambassador",2026-09-02T08:41:02.413Z
"Emmanuel Antia","Mkpat Enin LGA",11,15,"Dakkada Ambassador",2026-09-01T16:08:49.815Z
"Iniobong Etuk","Nsit Atai LGA",12,15,"Dakkada Ambassador",2026-09-03T19:24:03.756Z
"Blessing Effiong","Itu LGA",15,15,"Pure Akwa Ibom Legend",2026-09-05T12:48:10.449Z
"Victor Etuk","Maryland, USA (Diaspora)",13,15,"Dakkada Ambassador",2026-08-31T08:36:28.517Z
"Iniobong Umana","Calgary, Canada (Diaspora)",13,15,"Dakkada Ambassador",2026-08-31T19:29:33.008Z
"Daniel Udom","Uyo LGA",13,15,"Dakkada Ambassador",2026-09-01T09:14:11.605Z
"Sunday Umana","Essien Udim LGA",14,15,"Pure Akwa Ibom Legend",2026-09-01T08:07:40.495Z
"Godwin Ekpo","New York, USA (Diaspora)",14,15,"Pure Akwa Ibom Legend",2026-08-30T17:56:08.853Z
"Daniel Effiong","Esit Eket LGA",13,15,"Dakkada Ambassador",2026-09-05T11:24:19.362Z
"Daniel Asuquo","Nsit Ubium LGA",13,15,"Dakkada Ambassador",2026-08-31T00:26:38.132Z
"Uduak Effiong","Etinan LGA",15,15,"Pure Akwa Ibom Legend",2026-09-03T17:33:58.992Z
"Abasifreke Etukudo","Udung Uko LGA",14,15,"Pure Akwa Ibom Legend",2026-09-03T19:00:43.116Z
"Ekemini Akpanya","Dallas, TX (Diaspora)",14,15,"Pure Akwa Ibom Legend",2026-09-02T08:08:12.310Z
"Kufre Ekpo","Okobo LGA",12,15,"Dakkada Ambassador",2026-09-04T21:58:29.767Z
"Edikan Archibong","Abak LGA",13,15,"Dakkada Ambassador",2026-09-04T14:25:59.095Z
"Anietie Udom","Dallas, TX (Diaspora)",10,15,"Akwa Ibom Citizen",2026-08-30T04:08:47.809Z
"Kufre Essien","Ikot Ekpene LGA",11,15,"Dakkada Ambassador",2026-08-30T16:50:21.455Z
"Uduak Okon","Atlanta, GA (Diaspora)",14,15,"Pure Akwa Ibom Legend",2026-08-30T15:49:48.921Z
"Utibe Effiong","London, UK (Diaspora)",10,15,"Akwa Ibom Citizen",2026-08-31T08:47:44.566Z
"Mfon Inam","Udung Uko LGA",14,15,"Pure Akwa Ibom Legend",2026-09-02T19:33:46.582Z
"Ubong Umoh","Ukanafun LGA",11,15,"Dakkada Ambassador",2026-09-03T08:57:02.544Z
"Anietie Ekanem","Okobo LGA",14,15,"Pure Akwa Ibom Legend",2026-09-05T07:17:05.456Z
"Edidiong Essien","Eket LGA",14,15,"Pure Akwa Ibom Legend",2026-09-03T23:17:02.290Z
"Edidiong Edet","Mkpat Enin LGA",14,15,"Pure Akwa Ibom Legend",2026-09-03T21:12:42.953Z
"Blessing Inam","Udung Uko LGA",13,15,"Dakkada Ambassador",2026-09-05T02:32:11.254Z
"Eno Antia","Toronto, Canada (Diaspora)",14,15,"Pure Akwa Ibom Legend",2026-09-02T03:38:41.473Z
"Ini Inam","Ikot Abasi LGA",12,15,"Dakkada Ambassador",2026-09-05T03:23:59.817Z
"Godwin Usoro","Toronto, Canada (Diaspora)",13,15,"Dakkada Ambassador",2026-08-29T23:30:15.916Z
"Blessing Antia","Abak LGA",14,15,"Pure Akwa Ibom Legend",2026-08-30T02:55:40.716Z
"Aniekan Akpanya","Ikono LGA",12,15,"Dakkada Ambassador",2026-09-02T10:59:30.482Z
"Etebong Etukudo","Mkpat Enin LGA",14,15,"Pure Akwa Ibom Legend",2026-09-05T03:42:46.668Z
"Precious Archibong","Abak LGA",13,15,"Dakkada Ambassador",2026-09-02T02:52:43.071Z
"Samuel Udoh","Abak LGA",15,15,"Pure Akwa Ibom Legend",2026-09-03T11:22:45.319Z
"Ini Archibong","Ukanafun LGA",15,15,"Pure Akwa Ibom Legend",2026-09-05T13:54:51.286Z
"Anietie Ntekim","Calgary, Canada (Diaspora)",15,15,"Pure Akwa Ibom Legend",2026-09-04T01:17:49.232Z
"Blessing Umana","Maryland, USA (Diaspora)",13,15,"Dakkada Ambassador",2026-09-02T15:03:08.294Z
"Faith Ekanem","Okobo LGA",12,15,"Dakkada Ambassador",2026-09-05T08:19:00.217Z
"Godwin Usoro","Etinan LGA",11,15,"Dakkada Ambassador",2026-09-04T18:16:06.241Z
"Bassey Antia","Ibiono Ibom LGA",14,15,"Pure Akwa Ibom Legend",2026-08-30T01:18:24.593Z
"Etebong Effiong","Johannesburg, South Africa (Diaspora)",14,15,"Pure Akwa Ibom Legend",2026-09-03T13:24:22.605Z
"Ini Etukudo","Obot Akara LGA",12,15,"Dakkada Ambassador",2026-09-05T19:01:22.006Z
"Enobong Okon","Cotonou, Benin Republic (Diaspora)",10,15,"Akwa Ibom Citizen",2026-09-03T02:44:48.408Z
"Daniel Etukudo","Ikot Ekpene LGA",15,15,"Pure Akwa Ibom Legend",2026-09-03T07:02:00.396Z
"Edidiong Umoh","Udung Uko LGA",10,15,"Akwa Ibom Citizen",2026-09-05T01:48:28.799Z
"Idongesit Inam","Houston, USA (Diaspora)",14,15,"Pure Akwa Ibom Legend",2026-09-05T12:33:24.730Z
"Ekere Ekwere","Oruk Anam LGA",15,15,"Pure Akwa Ibom Legend",2026-09-04T14:43:17.157Z
"Victor Okon","Ikot Abasi LGA",13,15,"Dakkada Ambassador",2026-09-01T09:58:03.478Z
"Ini Usoro","Maryland, USA (Diaspora)",15,15,"Pure Akwa Ibom Legend",2026-08-31T20:01:45.131Z
"Etebong Inyang","Oruk Anam LGA",11,15,"Dakkada Ambassador",2026-08-30T01:12:49.572Z
"Abasifreke Inam","Etim Ekpo LGA",13,15,"Dakkada Ambassador",2026-08-30T19:11:22.008Z
"Bassey Umana","Houston, USA (Diaspora)",12,15,"Dakkada Ambassador",2026-08-30T04:37:07.455Z
"Eno Otu","Udung Uko LGA",14,15,"Pure Akwa Ibom Legend",2026-09-02T06:51:02.993Z
"Eno Asuquo","Ikot Abasi LGA",11,15,"Dakkada Ambassador",2026-09-02T14:45:12.675Z
"Edidiong Akpanya","Mkpat Enin LGA",14,15,"Pure Akwa Ibom Legend",2026-09-05T16:08:25.939Z
"Victor Ekpo","Houston, USA (Diaspora)",12,15,"Dakkada Ambassador",2026-09-02T05:09:26.184Z
"Utibe Umoh","Ini LGA",5,15,"JJC for Akwa Ibom",2026-08-30T20:12:26.500Z
"Blessing Archibong","Ibeno LGA",14,15,"Pure Akwa Ibom Legend",2026-08-31T15:21:17.661Z
"David Eno","Oruk Anam LGA",11,15,"Dakkada Ambassador",2026-09-04T15:21:16.556Z
"Ubong Udo","Nsit Ubium LGA",13,15,"Dakkada Ambassador",2026-09-04T14:09:18.280Z
"Hope Archibong","Mbo LGA",13,15,"Dakkada Ambassador",2026-08-31T22:07:23.199Z
"Victor Akpanya","London, UK (Diaspora)",14,15,"Pure Akwa Ibom Legend",2026-09-04T00:26:38.550Z
"Eno Usoro","Okobo LGA",14,15,"Pure Akwa Ibom Legend",2026-08-30T07:51:48.355Z
"Ekemini Attah","Onna LGA",15,15,"Pure Akwa Ibom Legend",2026-09-02T09:46:28.325Z
"Hope Akpan","Cotonou, Benin Republic (Diaspora)",15,15,"Pure Akwa Ibom Legend",2026-09-04T07:39:15.527Z
"Edidiong Akpanya","Udung Uko LGA",14,15,"Pure Akwa Ibom Legend",2026-09-04T16:04:49.635Z
"Ini Etuk","London, UK (Diaspora)",14,15,"Pure Akwa Ibom Legend",2026-08-31T22:24:02.042Z
"Sunday Eno","Ibesikpo Asutan LGA",15,15,"Pure Akwa Ibom Legend",2026-08-31T10:24:44.980Z
"Mercy Udoh","Houston, USA (Diaspora)",10,15,"Akwa Ibom Citizen",2026-08-30T20:50:45.217Z
"Idongesit Ekanem","Ibiono Ibom LGA",12,15,"Dakkada Ambassador",2026-09-05T11:28:23.804Z
"Uduak Asuquo","Ibeno LGA",14,15,"Pure Akwa Ibom Legend",2026-09-04T10:54:10.134Z
"Idongesit Udom","Ibesikpo Asutan LGA",14,15,"Pure Akwa Ibom Legend",2026-08-31T18:12:55.725Z
"Iniobong Akpan","Mkpat Enin LGA",13,15,"Dakkada Ambassador",2026-09-04T09:37:16.933Z
"Edikan Bassey","Nsit Atai LGA",12,15,"Dakkada Ambassador",2026-09-02T11:28:48.030Z
"Victor Effiong","Urue-Offong/Oruko LGA",14,15,"Pure Akwa Ibom Legend",2026-09-02T16:30:16.162Z
"Iniobong Umana","Ikot Abasi LGA",10,15,"Akwa Ibom Citizen",2026-09-01T04:17:59.128Z
"Ofonime Ekpo","Mkpat Enin LGA",13,15,"Dakkada Ambassador",2026-09-04T19:37:12.841Z
"Etebong Umana","Mkpat Enin LGA",9,15,"Akwa Ibom Citizen",2026-09-01T01:53:05.889Z
"Daniel Effiong","Ukanafun LGA",15,15,"Pure Akwa Ibom Legend",2026-09-05T04:28:38.088Z
"Emem Inyang","Esit Eket LGA",14,15,"Pure Akwa Ibom Legend",2026-08-31T14:56:29.310Z
"Edidiong Akpabio","London, UK (Diaspora)",15,15,"Pure Akwa Ibom Legend",2026-09-03T02:29:58.029Z
"Mfon Inyang","Okobo LGA",11,15,"Dakkada Ambassador",2026-08-31T01:36:50.463Z
"Itoro Akpanya","Ikot Abasi LGA",13,15,"Dakkada Ambassador",2026-09-03T10:41:57.277Z
"Idongesit Attah","Okobo LGA",13,15,"Dakkada Ambassador",2026-09-05T00:41:15.964Z
"Anietie Archibong","Mbo LGA",15,15,"Pure Akwa Ibom Legend",2026-09-01T18:14:52.631Z
"Hope Ekpo","Etim Ekpo LGA",13,15,"Dakkada Ambassador",2026-08-31T00:46:52.786Z
"Imaobong Etukudo","Esit Eket LGA",11,15,"Dakkada Ambassador",2026-08-30T19:30:41.221Z
"Ubong Ekpo","Ibiono Ibom LGA",10,15,"Akwa Ibom Citizen",2026-09-03T13:26:05.328Z
"Precious Eno","Ikot Abasi LGA",15,15,"Pure Akwa Ibom Legend",2026-09-02T03:26:20.669Z
"Samuel Edet","Mbo LGA",14,15,"Pure Akwa Ibom Legend",2026-08-30T03:24:57.471Z
"Utibe Etuk","Abak LGA",13,15,"Dakkada Ambassador",2026-08-30T20:55:20.796Z
"Enobong Umoh","Ika LGA",11,15,"Dakkada Ambassador",2026-09-04T02:38:53.545Z
"Blessing Attah","Esit Eket LGA",14,15,"Pure Akwa Ibom Legend",2026-09-03T11:52:14.243Z
"Godwin Ekanem","Udung Uko LGA",9,15,"Akwa Ibom Citizen",2026-08-31T03:08:36.286Z
"Ofonime Essien","Uyo LGA",15,15,"Pure Akwa Ibom Legend",2026-09-02T15:54:37.059Z
"Itoro Ekong","Manchester, UK (Diaspora)",13,15,"Dakkada Ambassador",2026-08-30T02:37:48.246Z
"Edikan Inam","Dallas, TX (Diaspora)",10,15,"Akwa Ibom Citizen",2026-08-30T02:30:01.224Z
"Mercy Attah","Houston, USA (Diaspora)",13,15,"Dakkada Ambassador",2026-09-01T14:22:31.988Z
"Abasifreke Usoro","Essien Udim LGA",15,15,"Pure Akwa Ibom Legend",2026-09-04T06:15:38.014Z
"Daniel Asuquo","New York, USA (Diaspora)",15,15,"Pure Akwa Ibom Legend",2026-09-02T07:39:38.657Z
"Blessing Eno","Ibiono Ibom LGA",12,15,"Dakkada Ambassador",2026-08-31T12:03:44.052Z
"Ubong Ekanem","Etim Ekpo LGA",14,15,"Pure Akwa Ibom Legend",2026-09-05T18:33:02.187Z
"Iniobong Essien","Nsit Ibom LGA",13,15,"Dakkada Ambassador",2026-09-01T12:47:47.689Z
"Aniekan Etuk","Ini LGA",14,15,"Pure Akwa Ibom Legend",2026-08-31T10:46:50.963Z
"Sunday Isong","Nsit Ibom LGA",15,15,"Pure Akwa Ibom Legend",2026-09-01T13:43:23.697Z
"Etebong Okon","Mkpat Enin LGA",12,15,"Dakkada Ambassador",2026-09-04T23:39:04.816Z
"Itoro Ekwere","Ika LGA",14,15,"Pure Akwa Ibom Legend",2026-08-31T04:28:52.896Z
"Etebong Ekanem","Ibiono Ibom LGA",14,15,"Pure Akwa Ibom Legend",2026-08-30T23:31:44.792Z
"Uduak Bassey","Ibiono Ibom LGA",15,15,"Pure Akwa Ibom Legend",2026-08-30T06:30:32.149Z
"Blessing Antia","Eket LGA",12,15,"Dakkada Ambassador",2026-09-05T05:19:08.059Z
"Emem Eno","Uyo LGA",11,15,"Dakkada Ambassador",2026-09-02T13:23:04.501Z
"Sunday Essien","Nsit Ibom LGA",13,15,"Dakkada Ambassador",2026-09-02T05:10:13.319Z
"Bassey Inyang","Ika LGA",14,15,"Pure Akwa Ibom Legend",2026-09-05T12:33:23.322Z
"Grace Usoro","Okobo LGA",15,15,"Pure Akwa Ibom Legend",2026-09-02T06:50:00.100Z
"Idongesit Okon","Ikot Ekpene LGA",14,15,"Pure Akwa Ibom Legend",2026-09-03T15:57:05.057Z
"Edidiong Ntekim","Ibesikpo Asutan LGA",14,15,"Pure Akwa Ibom Legend",2026-08-31T03:26:06.743Z
"Samuel Umana","Ikot Ekpene LGA",13,15,"Dakkada Ambassador",2026-09-04T23:38:18.187Z
"Edidiong Antia","Urue-Offong/Oruko LGA",13,15,"Dakkada Ambassador",2026-08-30T20:17:10.088Z
"Utibe Inam","Maryland, USA (Diaspora)",13,15,"Dakkada Ambassador",2026-08-30T19:18:40.805Z
"Edikan Udo","Maryland, USA (Diaspora)",14,15,"Pure Akwa Ibom Legend",2026-09-01T00:19:30.848Z
"Idongesit Umoh","Uyo LGA",13,15,"Dakkada Ambassador",2026-08-30T02:38:35.850Z
"Nsikan Asuquo","Cotonou, Benin Republic (Diaspora)",14,15,"Pure Akwa Ibom Legend",2026-09-03T02:34:07.788Z
"Samuel Akpanya","Abak LGA",15,15,"Pure Akwa Ibom Legend",2026-09-02T06:08:58.966Z
"Ubong Etukudo","Obot Akara LGA",13,15,"Dakkada Ambassador",2026-08-30T22:02:00.238Z
"Ubong Ekpo","Nsit Atai LGA",15,15,"Pure Akwa Ibom Legend",2026-08-30T10:21:52.205Z
"Precious Otu","Ibesikpo Asutan LGA",11,15,"Dakkada Ambassador",2026-09-05T11:02:47.104Z
"Imaobong Attah","Obot Akara LGA",12,15,"Dakkada Ambassador",2026-09-01T07:15:13.014Z
"Victor Edet","Ibeno LGA",14,15,"Pure Akwa Ibom Legend",2026-09-04T14:48:39.732Z
"Etebong Umana","Udung Uko LGA",10,15,"Akwa Ibom Citizen",2026-09-05T09:02:07.288Z
"Uduak Umoh","Eket LGA",14,15,"Pure Akwa Ibom Legend",2026-09-05T19:15:33.908Z
"Edikan Inyang","Johannesburg, South Africa (Diaspora)",14,15,"Pure Akwa Ibom Legend",2026-08-31T15:09:03.038Z
"Godwin Attah","Ibeno LGA",14,15,"Pure Akwa Ibom Legend",2026-09-01T20:30:35.958Z
"Grace Inam","Oruk Anam LGA",14,15,"Pure Akwa Ibom Legend",2026-08-31T10:04:21.555Z
"Joy Isong","Okobo LGA",14,15,"Pure Akwa Ibom Legend",2026-09-02T00:06:32.788Z
"Imaobong Otu","Ikot Ekpene LGA",11,15,"Dakkada Ambassador",2026-09-02T17:04:20.290Z
"Sunday Antia","Oron LGA",13,15,"Dakkada Ambassador",2026-09-05T10:27:50.856Z
"Utibe Inam","Ini LGA",11,15,"Dakkada Ambassador",2026-09-02T06:10:39.296Z
"Imaobong Edet","Esit Eket LGA",13,15,"Dakkada Ambassador",2026-09-03T12:43:23.356Z
"Uduak Isong","Cotonou, Benin Republic (Diaspora)",15,15,"Pure Akwa Ibom Legend",2026-08-30T17:07:08.268Z
"Hope Inyang","Houston, USA (Diaspora)",13,15,"Dakkada Ambassador",2026-09-02T07:44:49.165Z
"Ofonime Okon","Oruk Anam LGA",15,15,"Pure Akwa Ibom Legend",2026-08-30T23:11:33.521Z
"Blessing Effiong","Obot Akara LGA",13,15,"Dakkada Ambassador",2026-08-30T06:19:07.429Z
"Godwin Umana","Esit Eket LGA",12,15,"Dakkada Ambassador",2026-09-02T10:33:38.695Z
"Hope Asuquo","Udung Uko LGA",12,15,"Dakkada Ambassador",2026-09-02T03:52:06.877Z
"Ekere Udom","Mkpat Enin LGA",13,15,"Dakkada Ambassador",2026-08-30T12:21:19.557Z
"Mfon Umoh","Mkpat Enin LGA",15,15,"Pure Akwa Ibom Legend",2026-09-04T14:03:53.227Z
"Ekemini Ekwere","Urue-Offong/Oruko LGA",14,15,"Pure Akwa Ibom Legend",2026-08-31T11:13:55.741Z
"Etebong Inam","Ini LGA",13,15,"Dakkada Ambassador",2026-08-30T23:52:49.823Z
"Ekere Akpanya","Mbo LGA",13,15,"Dakkada Ambassador",2026-08-31T20:46:40.102Z
"Emem Udom","Oron LGA",13,15,"Dakkada Ambassador",2026-08-31T14:13:28.895Z
"Hope Udo","Ika LGA",15,15,"Pure Akwa Ibom Legend",2026-09-04T23:22:34.138Z
"Uduak Asuquo","Onna LGA",12,15,"Dakkada Ambassador",2026-08-31T20:03:55.927Z
"Ini Umoh","Ibiono Ibom LGA",11,15,"Dakkada Ambassador",2026-09-04T09:46:23.021Z
"Hope Ntekim","Toronto, Canada (Diaspora)",14,15,"Pure Akwa Ibom Legend",2026-09-04T09:10:29.933Z
"Kufre Okon","Itu LGA",11,15,"Dakkada Ambassador",2026-08-31T06:15:55.801Z
"Idongesit Udo","Uyo LGA",13,15,"Dakkada Ambassador",2026-09-03T21:28:35.407Z
"Joy Umoh","Nsit Ibom LGA",13,15,"Dakkada Ambassador",2026-08-31T15:36:59.609Z
"Blessing Akpan","Ikono LGA",15,15,"Pure Akwa Ibom Legend",2026-09-04T15:24:31.485Z
"Utibe Udo","Cotonou, Benin Republic (Diaspora)",12,15,"Dakkada Ambassador",2026-09-01T09:48:43.854Z
"Utibe Eno","Ibeno LGA",14,15,"Pure Akwa Ibom Legend",2026-09-01T03:41:45.111Z
"Emem Ekanem","Manchester, UK (Diaspora)",14,15,"Pure Akwa Ibom Legend",2026-09-03T05:05:51.485Z
"Idongesit Antia","Oron LGA",13,15,"Dakkada Ambassador",2026-08-30T12:06:55.436Z
"Grace Asuquo","Okobo LGA",13,15,"Dakkada Ambassador",2026-09-04T20:37:33.256Z
"Enobong Ekwere","Ibiono Ibom LGA",14,15,"Pure Akwa Ibom Legend",2026-09-05T12:35:21.056Z
"Ofonime Inam","Mbo LGA",12,15,"Dakkada Ambassador",2026-08-29T23:44:09.979Z
"Daniel Bassey","Houston, USA (Diaspora)",14,15,"Pure Akwa Ibom Legend",2026-09-05T09:30:26.266Z
"Edidiong Usoro","New York, USA (Diaspora)",13,15,"Dakkada Ambassador",2026-08-31T18:51:46.918Z
"Enobong Isong","Calgary, Canada (Diaspora)",13,15,"Dakkada Ambassador",2026-09-04T23:21:58.175Z
"Edikan Akpan","Udung Uko LGA",5,15,"JJC for Akwa Ibom",2026-08-30T00:32:31.814Z
"Ekemini Inam","Dubai, UAE (Diaspora)",15,15,"Pure Akwa Ibom Legend",2026-08-31T12:20:09.557Z
"Uduak Etukudo","Ikot Abasi LGA",14,15,"Pure Akwa Ibom Legend",2026-08-30T18:32:17.256Z
"Ekere Essien","Okobo LGA",10,15,"Akwa Ibom Citizen",2026-08-30T12:35:01.921Z
"Ofonime Otu","Esit Eket LGA",14,15,"Pure Akwa Ibom Legend",2026-09-01T22:37:09.254Z
"Mfon Usoro","Nsit Atai LGA",14,15,"Pure Akwa Ibom Legend",2026-09-01T14:03:59.839Z
"Aniekan Ekong","Ibeno LGA",14,15,"Pure Akwa Ibom Legend",2026-08-30T06:09:16.402Z
"Precious Archibong","Maryland, USA (Diaspora)",12,15,"Dakkada Ambassador",2026-09-01T06:52:14.573Z
"Etebong Akpanya","Ibeno LGA",15,15,"Pure Akwa Ibom Legend",2026-09-01T21:42:51.543Z
"Ekemini Essien","Onna LGA",11,15,"Dakkada Ambassador",2026-09-04T07:39:58.922Z
"Aniekan Udo","Ini LGA",12,15,"Dakkada Ambassador",2026-09-04T21:21:38.827Z
"Ubong Ekong","Nsit Ibom LGA",10,15,"Akwa Ibom Citizen",2026-09-01T08:18:38.957Z
"Utibe Umoh","Ikono LGA",15,15,"Pure Akwa Ibom Legend",2026-08-31T14:39:43.878Z
"Eno Bassey","Nsit Ubium LGA",15,15,"Pure Akwa Ibom Legend",2026-09-03T17:57:22.836Z
"Uduak Okon","Atlanta, GA (Diaspora)",14,15,"Pure Akwa Ibom Legend",2026-08-31T04:11:32.633Z
"Idongesit Inam","Calgary, Canada (Diaspora)",13,15,"Dakkada Ambassador",2026-09-04T15:07:04.496Z
"Idongesit Udoh","Esit Eket LGA",11,15,"Dakkada Ambassador",2026-08-31T16:04:39.167Z
"Daniel Eno","Atlanta, GA (Diaspora)",5,15,"JJC for Akwa Ibom",2026-09-04T13:47:41.918Z
"Ubong Etukudo","Mbo LGA",10,15,"Akwa Ibom Citizen",2026-09-01T15:37:28.455Z
"Aniekan Bassey","Maryland, USA (Diaspora)",12,15,"Dakkada Ambassador",2026-09-02T17:03:41.612Z
"Samuel Akpabio","Calgary, Canada (Diaspora)",14,15,"Pure Akwa Ibom Legend",2026-09-01T07:29:09.690Z
"Emem Ekpo","Ika LGA",12,15,"Dakkada Ambassador",2026-08-31T22:04:00.101Z
"Ekemini Ekpo","Ikot Ekpene LGA",14,15,"Pure Akwa Ibom Legend",2026-09-03T22:46:00.214Z
"Sunday Udom","Ikono LGA",11,15,"Dakkada Ambassador",2026-09-01T00:50:22.986Z
"Mercy Akpanya","Eket LGA",14,15,"Pure Akwa Ibom Legend",2026-09-05T11:47:48.777Z
"Aniekan Etuk","Abak LGA",11,15,"Dakkada Ambassador",2026-08-31T06:38:37.724Z
"Sunday Bassey","Urue-Offong/Oruko LGA",15,15,"Pure Akwa Ibom Legend",2026-08-30T00:55:12.161Z
"Uduak Etukudo","Ika LGA",14,15,"Pure Akwa Ibom Legend",2026-09-05T16:52:15.358Z
"Anietie Otu","Ibesikpo Asutan LGA",14,15,"Pure Akwa Ibom Legend",2026-08-31T17:59:11.835Z
"Grace Udo","Uyo LGA",15,15,"Pure Akwa Ibom Legend",2026-08-31T20:25:03.165Z
"Daniel Bassey","Uyo LGA",13,15,"Dakkada Ambassador",2026-09-01T06:25:48.182Z
"Ekemini Etuk","Ibiono Ibom LGA",14,15,"Pure Akwa Ibom Legend",2026-09-02T05:37:47.996Z
"Itoro Akpan","Uruan LGA",14,15,"Pure Akwa Ibom Legend",2026-09-05T12:06:06.303Z
"Anietie Okon","New York, USA (Diaspora)",10,15,"Akwa Ibom Citizen",2026-09-01T06:59:57.176Z
"Itoro Akpanya","Ibesikpo Asutan LGA",14,15,"Pure Akwa Ibom Legend",2026-08-31T00:07:06.797Z
"Ubong Umana","Ika LGA",10,15,"Akwa Ibom Citizen",2026-09-04T17:32:30.349Z
"Ekemini Akpanya","Etinan LGA",14,15,"Pure Akwa Ibom Legend",2026-08-30T20:41:49.830Z
"Ubong Ekpo","Ini LGA",11,15,"Dakkada Ambassador",2026-08-30T11:06:05.189Z
"Hope Ekong","Udung Uko LGA",15,15,"Pure Akwa Ibom Legend",2026-09-01T02:08:06.443Z
"Kufre Akpanya","Onna LGA",14,15,"Pure Akwa Ibom Legend",2026-09-02T11:23:14.933Z
"Emmanuel Essien","Oron LGA",14,15,"Pure Akwa Ibom Legend",2026-08-31T14:09:34.378Z
"Blessing Eno","Johannesburg, South Africa (Diaspora)",11,15,"Dakkada Ambassador",2026-09-02T01:47:53.760Z
"Imaobong Inyang","Okobo LGA",15,15,"Pure Akwa Ibom Legend",2026-08-31T01:53:36.504Z
"Edidiong Umana","Cotonou, Benin Republic (Diaspora)",14,15,"Pure Akwa Ibom Legend",2026-09-04T20:09:39.089Z
"Ini Inam","Ikono LGA",12,15,"Dakkada Ambassador",2026-09-03T00:19:41.575Z
"Samuel Edet","New York, USA (Diaspora)",6,15,"Akwa Ibom Citizen",2026-08-29T21:11:51.538Z
"Samuel Umana","Nsit Ibom LGA",5,15,"JJC for Akwa Ibom",2026-08-30T17:08:46.494Z
"Utibe Udo","Maryland, USA (Diaspora)",13,15,"Dakkada Ambassador",2026-09-05T14:43:18.792Z
"Emmanuel Essien","Esit Eket LGA",15,15,"Pure Akwa Ibom Legend",2026-09-05T07:28:52.340Z
"Sunday Inyang","Ini LGA",15,15,"Pure Akwa Ibom Legend",2026-09-03T18:00:47.745Z
"Emem Effiong","Dallas, TX (Diaspora)",15,15,"Pure Akwa Ibom Legend",2026-08-31T13:18:31.189Z
"David Bassey","Atlanta, GA (Diaspora)",14,15,"Pure Akwa Ibom Legend",2026-08-30T12:19:23.653Z
"Mercy Etuk","Obot Akara LGA",11,15,"Dakkada Ambassador",2026-09-05T17:44:35.031Z
"Samuel Ekong","Eastern Obolo LGA",14,15,"Pure Akwa Ibom Legend",2026-08-30T04:51:28.442Z
"Imaobong Attah","Ikot Ekpene LGA",7,15,"Akwa Ibom Citizen",2026-09-05T02:42:02.965Z
"Mercy Usoro","Itu LGA",15,15,"Pure Akwa Ibom Legend",2026-09-03T16:19:50.338Z
"Ekemini Etuk","Esit Eket LGA",14,15,"Pure Akwa Ibom Legend",2026-09-04T19:03:02.620Z
"Eno Etukudo","Urue-Offong/Oruko LGA",15,15,"Pure Akwa Ibom Legend",2026-08-29T19:51:19.416Z
"Daniel Bassey","Nsit Ibom LGA",14,15,"Pure Akwa Ibom Legend",2026-08-30T02:36:03.123Z
"Kufre Udoh","Nsit Ibom LGA",9,15,"Akwa Ibom Citizen",2026-09-03T20:45:15.825Z
"Emmanuel Bassey","Uyo LGA",13,15,"Dakkada Ambassador",2026-09-01T20:44:47.217Z
"Joy Etuk","Ini LGA",11,15,"Dakkada Ambassador",2026-09-01T20:25:49.526Z
"Nsikan Ntekim","Maryland, USA (Diaspora)",14,15,"Pure Akwa Ibom Legend",2026-09-03T16:47:32.376Z
"Edidiong Isong","Nsit Ibom LGA",15,15,"Pure Akwa Ibom Legend",2026-08-30T21:14:16.251Z
"Joy Eno","Onna LGA",13,15,"Dakkada Ambassador",2026-09-04T12:43:05.917Z
"Emem Ntekim","Ikono LGA",15,15,"Pure Akwa Ibom Legend",2026-08-30T05:58:14.764Z
"Idongesit Ekpo","Ika LGA",13,15,"Dakkada Ambassador",2026-08-30T06:14:13.116Z
"Utibe Effiong","Mkpat Enin LGA",12,15,"Dakkada Ambassador",2026-09-04T12:40:53.350Z
"Imaobong Udoh","Manchester, UK (Diaspora)",13,15,"Dakkada Ambassador",2026-09-03T02:04:07.498Z
"Joy Inam","Uruan LGA",15,15,"Pure Akwa Ibom Legend",2026-09-05T07:43:39.973Z
"Ini Udoh","Etinan LGA",12,15,"Dakkada Ambassador",2026-08-29T20:22:34.187Z
"Emem Ekanem","Abak LGA",12,15,"Dakkada Ambassador",2026-09-03T13:21:58.118Z
"Uduak Eno","Nsit Ibom LGA",14,15,"Pure Akwa Ibom Legend",2026-08-30T12:23:11.397Z
"Grace Edet","Esit Eket LGA",15,15,"Pure Akwa Ibom Legend",2026-09-03T17:35:23.648Z
"Itoro Otu","Ika LGA",12,15,"Dakkada Ambassador",2026-09-05T13:32:45.437Z
"Ubong Bassey","Urue-Offong/Oruko LGA",10,15,"Akwa Ibom Citizen",2026-09-02T14:53:25.337Z
"Faith Archibong","Ibiono Ibom LGA",15,15,"Pure Akwa Ibom Legend",2026-08-31T11:23:11.322Z
"Nsikan Effiong","Eket LGA",15,15,"Pure Akwa Ibom Legend",2026-09-04T09:51:31.642Z
"Edikan Essien","Eastern Obolo LGA",13,15,"Dakkada Ambassador",2026-08-31T11:10:06.526Z
"Grace Bassey","London, UK (Diaspora)",13,15,"Dakkada Ambassador",2026-09-04T18:14:18.828Z
"Emmanuel Ekpo","London, UK (Diaspora)",12,15,"Dakkada Ambassador",2026-08-30T23:02:47.218Z
"Hope Ekong","Ikono LGA",13,15,"Dakkada Ambassador",2026-09-01T08:38:57.242Z
"Eno Attah","Ikono LGA",11,15,"Dakkada Ambassador",2026-09-03T01:09:32.262Z
"Victor Umana","Eket LGA",15,15,"Pure Akwa Ibom Legend",2026-09-04T15:58:25.261Z
"Uduak Ntekim","Dallas, TX (Diaspora)",14,15,"Pure Akwa Ibom Legend",2026-09-04T23:01:11.704Z
"Idongesit Inam","Uyo LGA",12,15,"Dakkada Ambassador",2026-08-31T18:57:39.458Z
"Grace Akpan","Uruan LGA",15,15,"Pure Akwa Ibom Legend",2026-09-04T09:10:51.442Z
"Blessing Ntekim","Onna LGA",14,15,"Pure Akwa Ibom Legend",2026-08-30T00:58:40.485Z
"Imaobong Udom","Ikot Ekpene LGA",15,15,"Pure Akwa Ibom Legend",2026-09-05T02:43:24.305Z
"Ubong Inam","Mbo LGA",12,15,"Dakkada Ambassador",2026-09-01T06:18:54.665Z
"Bassey Essien","Atlanta, GA (Diaspora)",10,15,"Akwa Ibom Citizen",2026-09-02T07:44:29.290Z
"Joy Inyang","Maryland, USA (Diaspora)",15,15,"Pure Akwa Ibom Legend",2026-09-02T14:41:32.237Z
"Iniobong Essien","Etinan LGA",12,15,"Dakkada Ambassador",2026-09-04T23:10:18.028Z
"Nsikan Ekwere","Onna LGA",13,15,"Dakkada Ambassador",2026-09-01T20:25:21.015Z
"Itoro Otu","Mbo LGA",10,15,"Akwa Ibom Citizen",2026-09-04T14:52:25.940Z
"Emmanuel Usoro","Esit Eket LGA",13,15,"Dakkada Ambassador",2026-09-02T06:52:05.049Z
"David Umoh","Maryland, USA (Diaspora)",12,15,"Dakkada Ambassador",2026-08-30T15:07:23.052Z
"Blessing Asuquo","Houston, USA (Diaspora)",12,15,"Dakkada Ambassador",2026-08-31T13:55:37.217Z
"Samuel Ntekim","Urue-Offong/Oruko LGA",14,15,"Pure Akwa Ibom Legend",2026-09-03T03:36:07.418Z
"Kufre Ekpo","Itu LGA",15,15,"Pure Akwa Ibom Legend",2026-08-31T23:43:35.518Z
"Uduak Inam","Ikono LGA",14,15,"Pure Akwa Ibom Legend",2026-09-03T02:13:51.598Z
"Precious Akpanya","Ika LGA",14,15,"Pure Akwa Ibom Legend",2026-09-05T05:14:10.086Z
"Aniekan Effiong","Mbo LGA",15,15,"Pure Akwa Ibom Legend",2026-09-04T11:31:41.295Z
"Blessing Ekanem","Obot Akara LGA",14,15,"Pure Akwa Ibom Legend",2026-09-02T04:34:55.375Z
"Utibe Akpabio","Johannesburg, South Africa (Diaspora)",13,15,"Dakkada Ambassador",2026-09-03T17:05:57.156Z
"Utibe Ekwere","Mbo LGA",14,15,"Pure Akwa Ibom Legend",2026-09-05T04:11:57.235Z
"Edikan Akpanya","Obot Akara LGA",14,15,"Pure Akwa Ibom Legend",2026-09-03T00:30:51.682Z
"Ofonime Inyang","Abak LGA",14,15,"Pure Akwa Ibom Legend",2026-08-30T12:52:18.245Z
"Eno Etuk","Oron LGA",13,15,"Dakkada Ambassador",2026-09-03T01:46:56.824Z
"Abasifreke Archibong","Ibiono Ibom LGA",10,15,"Akwa Ibom Citizen",2026-09-03T07:30:13.427Z
"David Ntekim","Udung Uko LGA",15,15,"Pure Akwa Ibom Legend",2026-09-05T07:18:32.986Z
"Anietie Okon","Essien Udim LGA",14,15,"Pure Akwa Ibom Legend",2026-09-04T12:09:38.366Z
"Faith Asuquo","Eastern Obolo LGA",15,15,"Pure Akwa Ibom Legend",2026-09-05T11:30:54.031Z
"Victor Effiong","Ibiono Ibom LGA",14,15,"Pure Akwa Ibom Legend",2026-09-03T12:22:54.678Z
"Ekemini Inam","Ikono LGA",14,15,"Pure Akwa Ibom Legend",2026-09-02T14:05:21.762Z
"Uduak Udoh","Mbo LGA",13,15,"Dakkada Ambassador",2026-09-01T11:41:56.193Z
"Daniel Inam","Ikot Abasi LGA",15,15,"Pure Akwa Ibom Legend",2026-09-03T17:24:22.497Z
"Ekere Attah","Ibiono Ibom LGA",15,15,"Pure Akwa Ibom Legend",2026-09-04T10:56:36.650Z
"Edidiong Umana","Mbo LGA",13,15,"Dakkada Ambassador",2026-09-02T06:43:18.490Z
"Mfon Okon","Johannesburg, South Africa (Diaspora)",15,15,"Pure Akwa Ibom Legend",2026-09-05T12:45:34.630Z
"Eno Essien","Etim Ekpo LGA",11,15,"Dakkada Ambassador",2026-08-30T20:26:21.065Z
"Ekere Akpan","Johannesburg, South Africa (Diaspora)",13,15,"Dakkada Ambassador",2026-09-01T16:13:44.395Z
"David Antia","Mkpat Enin LGA",13,15,"Dakkada Ambassador",2026-09-04T09:36:44.567Z
"Victor Eno","Okobo LGA",14,15,"Pure Akwa Ibom Legend",2026-08-30T18:19:28.430Z
"Blessing Ekpo","Ikot Ekpene LGA",13,15,"Dakkada Ambassador",2026-09-03T13:50:48.821Z
"Edidiong Ekwere","Nsit Ibom LGA",15,15,"Pure Akwa Ibom Legend",2026-08-31T22:24:59.584Z
"Iniobong Usoro","Essien Udim LGA",15,15,"Pure Akwa Ibom Legend",2026-09-05T08:24:17.467Z
"Joy Ekanem","Etinan LGA",13,15,"Dakkada Ambassador",2026-09-04T22:39:21.655Z
"Anietie Etukudo","Oron LGA",15,15,"Pure Akwa Ibom Legend",2026-09-03T06:50:43.037Z
"Imaobong Akpan","Obot Akara LGA",13,15,"Dakkada Ambassador",2026-08-31T21:22:06.869Z
"Samuel Udo","Itu LGA",15,15,"Pure Akwa Ibom Legend",2026-08-31T21:49:59.724Z
"Itoro Antia","Nsit Atai LGA",14,15,"Pure Akwa Ibom Legend",2026-08-30T06:37:57.181Z
"Emmanuel Ekong","Esit Eket LGA",15,15,"Pure Akwa Ibom Legend",2026-09-02T16:31:21.977Z
"Itoro Udom","Ini LGA",15,15,"Pure Akwa Ibom Legend",2026-09-04T23:33:42.920Z
"Ini Archibong","Oron LGA",14,15,"Pure Akwa Ibom Legend",2026-09-03T19:32:05.411Z
"Edidiong Udo","New York, USA (Diaspora)",14,15,"Pure Akwa Ibom Legend",2026-09-03T12:38:41.369Z
"Hope Isong","Nsit Ubium LGA",13,15,"Dakkada Ambassador",2026-08-30T12:34:35.296Z
"Ekemini Udoh","Onna LGA",7,15,"Akwa Ibom Citizen",2026-09-04T00:52:43.717Z
"Ekemini Udo","Nsit Ibom LGA",15,15,"Pure Akwa Ibom Legend",2026-08-30T01:55:09.868Z
"Ini Inam","Mkpat Enin LGA",14,15,"Pure Akwa Ibom Legend",2026-08-31T10:41:07.800Z
"Bassey Umana","Itu LGA",13,15,"Dakkada Ambassador",2026-09-05T13:28:59.309Z
"Faith Edet","Onna LGA",11,15,"Dakkada Ambassador",2026-08-31T13:15:46.452Z
"Iniobong Asuquo","Eket LGA",10,15,"Akwa Ibom Citizen",2026-08-30T05:44:06.338Z
"Emem Okon","Johannesburg, South Africa (Diaspora)",15,15,"Pure Akwa Ibom Legend",2026-09-05T00:46:10.994Z
"Grace Udo","Eastern Obolo LGA",11,15,"Dakkada Ambassador",2026-09-03T21:39:06.435Z
"Grace Asuquo","Etim Ekpo LGA",13,15,"Dakkada Ambassador",2026-09-03T14:28:33.510Z
"Godwin Akpabio","Essien Udim LGA",15,15,"Pure Akwa Ibom Legend",2026-08-30T09:17:46.974Z
"Daniel Akpanya","Esit Eket LGA",13,15,"Dakkada Ambassador",2026-08-30T08:04:26.351Z
"Uduak Udom","Calgary, Canada (Diaspora)",13,15,"Dakkada Ambassador",2026-08-31T09:29:34.393Z
"Nsikan Okon","Ika LGA",13,15,"Dakkada Ambassador",2026-09-04T19:15:19.838Z
"Idongesit Ekong","Ibiono Ibom LGA",13,15,"Dakkada Ambassador",2026-09-04T03:11:48.032Z
"Mfon Akpabio","Abak LGA",15,15,"Pure Akwa Ibom Legend",2026-09-05T11:58:02.997Z
"David Ekwere","Dubai, UAE (Diaspora)",14,15,"Pure Akwa Ibom Legend",2026-09-05T02:13:47.574Z
"Ubong Okon","Oron LGA",10,15,"Akwa Ibom Citizen",2026-09-05T07:56:43.746Z
"Enobong Ekong","Ini LGA",14,15,"Pure Akwa Ibom Legend",2026-08-30T05:30:46.202Z
"Godwin Ekanem","Oruk Anam LGA",11,15,"Dakkada Ambassador",2026-09-04T18:51:29.248Z
"Anietie Edet","Uruan LGA",13,15,"Dakkada Ambassador",2026-08-31T12:35:48.102Z
"Sunday Umoh","Oruk Anam LGA",15,15,"Pure Akwa Ibom Legend",2026-09-04T16:05:46.823Z
"Sunday Akpanya","London, UK (Diaspora)",14,15,"Pure Akwa Ibom Legend",2026-09-02T07:39:21.044Z
"Ubong Umoh","Obot Akara LGA",10,15,"Akwa Ibom Citizen",2026-09-04T07:57:49.144Z
"Godwin Archibong","Eastern Obolo LGA",13,15,"Dakkada Ambassador",2026-09-05T04:05:54.380Z
"Hope Etukudo","Cotonou, Benin Republic (Diaspora)",14,15,"Pure Akwa Ibom Legend",2026-09-04T22:14:29.264Z
"Godwin Umana","Ibeno LGA",12,15,"Dakkada Ambassador",2026-08-30T20:10:13.778Z
"Edikan Essien","Essien Udim LGA",15,15,"Pure Akwa Ibom Legend",2026-09-04T17:15:10.240Z
"Aniekan Udom","Udung Uko LGA",15,15,"Pure Akwa Ibom Legend",2026-09-04T07:16:44.957Z
"Iniobong Okon","Johannesburg, South Africa (Diaspora)",13,15,"Dakkada Ambassador",2026-09-04T20:34:15.974Z
"Idongesit Effiong","Etim Ekpo LGA",15,15,"Pure Akwa Ibom Legend",2026-08-31T18:12:21.214Z
"Emem Edet","Udung Uko LGA",14,15,"Pure Akwa Ibom Legend",2026-09-01T13:19:04.969Z
"Itoro Akpanya","Ikot Abasi LGA",13,15,"Dakkada Ambassador",2026-09-04T16:22:28.537Z
"Mfon Eno","Ukanafun LGA",14,15,"Pure Akwa Ibom Legend",2026-09-05T03:49:28.627Z
"Victor Isong","Oruk Anam LGA",14,15,"Pure Akwa Ibom Legend",2026-09-04T15:42:01.227Z
"Utibe Antia","Ika LGA",9,15,"Akwa Ibom Citizen",2026-09-01T15:59:15.640Z
"Ofonime Ekong","Eastern Obolo LGA",14,15,"Pure Akwa Ibom Legend",2026-08-31T07:05:50.296Z
"Nsikan Etuk","Atlanta, GA (Diaspora)",13,15,"Dakkada Ambassador",2026-09-05T19:07:09.291Z
"Grace Akpanya","Etim Ekpo LGA",14,15,"Pure Akwa Ibom Legend",2026-09-03T00:18:03.413Z
"Edidiong Isong","Uruan LGA",11,15,"Dakkada Ambassador",2026-09-03T07:18:50.117Z
"Edidiong Eno","Dubai, UAE (Diaspora)",14,15,"Pure Akwa Ibom Legend",2026-09-02T22:11:35.196Z
"Eno Udom","Ikot Abasi LGA",12,15,"Dakkada Ambassador",2026-09-03T07:23:24.504Z
"Etebong Effiong","Johannesburg, South Africa (Diaspora)",10,15,"Akwa Ibom Citizen",2026-09-02T19:20:28.356Z
"Faith Inyang","Mkpat Enin LGA",11,15,"Dakkada Ambassador",2026-09-02T06:29:35.047Z
"Ubong Antia","Calgary, Canada (Diaspora)",10,15,"Akwa Ibom Citizen",2026-09-04T09:58:33.921Z
"Grace Ekwere","Abak LGA",12,15,"Dakkada Ambassador",2026-09-05T06:52:46.847Z
"Utibe Akpan","Cotonou, Benin Republic (Diaspora)",11,15,"Dakkada Ambassador",2026-08-30T08:49:16.365Z
"Joy Edet","Eket LGA",14,15,"Pure Akwa Ibom Legend",2026-08-30T17:10:09.495Z
"Imaobong Isong","Houston, USA (Diaspora)",14,15,"Pure Akwa Ibom Legend",2026-09-05T02:35:42.432Z
"Samuel Inam","Ika LGA",13,15,"Dakkada Ambassador",2026-09-05T06:37:36.101Z
"Kufre Umana","Mkpat Enin LGA",15,15,"Pure Akwa Ibom Legend",2026-08-30T10:07:19.092Z
"Kufre Udoh","Urue-Offong/Oruko LGA",11,15,"Dakkada Ambassador",2026-09-03T21:53:55.522Z
"Ini Ntekim","Ini LGA",11,15,"Dakkada Ambassador",2026-08-30T10:04:10.923Z
"Itoro Asuquo","Ibesikpo Asutan LGA",14,15,"Pure Akwa Ibom Legend",2026-08-31T17:05:11.357Z
"Ekere Umana","Calgary, Canada (Diaspora)",9,15,"Akwa Ibom Citizen",2026-09-03T10:59:40.683Z
"Sunday Edet","Ikono LGA",11,15,"Dakkada Ambassador",2026-09-05T17:27:44.585Z
"Mercy Etukudo","Obot Akara LGA",13,15,"Dakkada Ambassador",2026-08-31T17:42:11.605Z
"Mercy Archibong","Ini LGA",14,15,"Pure Akwa Ibom Legend",2026-09-02T17:28:37.095Z
"Emem Etuk","Nsit Ubium LGA",15,15,"Pure Akwa Ibom Legend",2026-09-02T09:06:07.213Z
"Eno Otu","Okobo LGA",13,15,"Dakkada Ambassador",2026-08-31T09:29:38.212Z
"Precious Usoro","Ibiono Ibom LGA",12,15,"Dakkada Ambassador",2026-09-04T13:20:29.333Z
"Bassey Antia","Etinan LGA",15,15,"Pure Akwa Ibom Legend",2026-09-02T12:00:11.579Z
"Idongesit Ntekim","Eket LGA",15,15,"Pure Akwa Ibom Legend",2026-09-03T02:35:33.643Z
"Itoro Umana","Ibeno LGA",14,15,"Pure Akwa Ibom Legend",2026-09-02T06:06:56.003Z
"Mercy Ekong","Nsit Ubium LGA",15,15,"Pure Akwa Ibom Legend",2026-08-30T21:35:06.923Z
"Faith Eno","Uruan LGA",15,15,"Pure Akwa Ibom Legend",2026-08-30T11:57:52.281Z
"Bassey Udoh","Ibiono Ibom LGA",10,15,"Akwa Ibom Citizen",2026-08-30T01:27:47.140Z
"Sunday Ekanem","Eastern Obolo LGA",15,15,"Pure Akwa Ibom Legend",2026-09-03T06:11:52.523Z
"Samuel Ekpo","Nsit Ibom LGA",15,15,"Pure Akwa Ibom Legend",2026-09-04T01:38:26.512Z
"Mfon Edet","Ini LGA",14,15,"Pure Akwa Ibom Legend",2026-09-02T11:51:50.827Z
"Eno Usoro","Calgary, Canada (Diaspora)",15,15,"Pure Akwa Ibom Legend",2026-09-02T13:59:03.531Z
"Imaobong Attah","Dallas, TX (Diaspora)",14,15,"Pure Akwa Ibom Legend",2026-09-05T10:42:33.808Z
"Joy Etukudo","Uruan LGA",12,15,"Dakkada Ambassador",2026-09-05T01:23:22.440Z
"Edidiong Usoro","Ibesikpo Asutan LGA",15,15,"Pure Akwa Ibom Legend",2026-09-02T02:06:37.693Z
"Mercy Akpabio","Ibiono Ibom LGA",15,15,"Pure Akwa Ibom Legend",2026-09-04T11:56:21.276Z
"Eno Bassey","Urue-Offong/Oruko LGA",14,15,"Pure Akwa Ibom Legend",2026-09-02T02:33:35.906Z
"David Akpan","Atlanta, GA (Diaspora)",10,15,"Akwa Ibom Citizen",2026-08-30T22:11:59.502Z
"Kufre Bassey","Atlanta, GA (Diaspora)",12,15,"Dakkada Ambassador",2026-08-31T05:37:38.899Z
"Victor Udo","Ini LGA",15,15,"Pure Akwa Ibom Legend",2026-09-05T06:43:14.346Z
"Nsikan Usoro","Eastern Obolo LGA",9,15,"Akwa Ibom Citizen",2026-09-01T14:16:32.819Z
"Joy Ntekim","Uruan LGA",13,15,"Dakkada Ambassador",2026-09-02T03:32:20.272Z
"Iniobong Inam","Johannesburg, South Africa (Diaspora)",14,15,"Pure Akwa Ibom Legend",2026-09-01T09:58:44.694Z
"Bassey Etukudo","Nsit Ubium LGA",12,15,"Dakkada Ambassador",2026-09-02T02:50:40.100Z
"David Asuquo","Onna LGA",13,15,"Dakkada Ambassador",2026-08-31T18:20:07.495Z
"Ubong Okon","Houston, USA (Diaspora)",15,15,"Pure Akwa Ibom Legend",2026-09-05T04:16:47.325Z
"Etebong Akpan","Udung Uko LGA",11,15,"Dakkada Ambassador",2026-08-30T18:08:29.632Z
"Godwin Etukudo","Nsit Ubium LGA",13,15,"Dakkada Ambassador",2026-09-04T16:07:26.859Z
"Faith Antia","Ikono LGA",13,15,"Dakkada Ambassador",2026-09-05T04:39:36.908Z
"Mfon Usoro","Okobo LGA",13,15,"Dakkada Ambassador",2026-09-01T10:43:06.007Z
"Joy Isong","Nsit Ibom LGA",13,15,"Dakkada Ambassador",2026-09-02T11:39:10.067Z
"Hope Eno","Manchester, UK (Diaspora)",15,15,"Pure Akwa Ibom Legend",2026-08-31T21:40:32.809Z
"Eno Attah","Mkpat Enin LGA",13,15,"Dakkada Ambassador",2026-09-02T23:24:00.524Z
"Ekemini Eno","Essien Udim LGA",13,15,"Dakkada Ambassador",2026-09-05T10:43:00.258Z
"Faith Edet","New York, USA (Diaspora)",15,15,"Pure Akwa Ibom Legend",2026-09-04T02:59:22.406Z
"Grace Ekwere","Onna LGA",14,15,"Pure Akwa Ibom Legend",2026-09-03T09:55:02.121Z
"Enobong Udom","Dallas, TX (Diaspora)",13,15,"Dakkada Ambassador",2026-08-30T03:08:04.937Z
"Victor Umoh","Ikot Abasi LGA",8,15,"Akwa Ibom Citizen",2026-09-02T15:29:20.404Z
"Utibe Etuk","Ibiono Ibom LGA",14,15,"Pure Akwa Ibom Legend",2026-09-02T00:58:25.223Z
"Aniekan Etuk","Essien Udim LGA",11,15,"Dakkada Ambassador",2026-08-31T21:15:35.072Z
"Samuel Ekong","Ibiono Ibom LGA",13,15,"Dakkada Ambassador",2026-08-29T23:05:09.440Z
"Precious Udo","Onna LGA",13,15,"Dakkada Ambassador",2026-09-05T04:00:15.206Z
"Daniel Bassey","Etim Ekpo LGA",14,15,"Pure Akwa Ibom Legend",2026-08-31T21:24:41.741Z
"Precious Ekpo","Itu LGA",15,15,"Pure Akwa Ibom Legend",2026-09-04T09:30:02.532Z
"Enobong Ekwere","Dubai, UAE (Diaspora)",13,15,"Dakkada Ambassador",2026-09-04T23:50:37.594Z
"Blessing Eno","Etim Ekpo LGA",9,15,"Akwa Ibom Citizen",2026-09-03T03:23:01.045Z
"Hope Ekwere","London, UK (Diaspora)",15,15,"Pure Akwa Ibom Legend",2026-09-04T09:32:06.110Z
"David Effiong","Etim Ekpo LGA",15,15,"Pure Akwa Ibom Legend",2026-09-02T11:02:17.363Z
"Mercy Okon","Toronto, Canada (Diaspora)",11,15,"Dakkada Ambassador",2026-08-29T19:38:10.362Z
"Imaobong Ekpo","Urue-Offong/Oruko LGA",14,15,"Pure Akwa Ibom Legend",2026-09-04T00:42:18.496Z
"Joy Otu","Oruk Anam LGA",12,15,"Dakkada Ambassador",2026-09-04T11:22:25.267Z
"Aniekan Okon","Etim Ekpo LGA",12,15,"Dakkada Ambassador",2026-09-03T17:45:34.959Z
"Blessing Inyang","Etim Ekpo LGA",11,15,"Dakkada Ambassador",2026-08-30T21:00:26.404Z
"Daniel Essien","Dubai, UAE (Diaspora)",15,15,"Pure Akwa Ibom Legend",2026-09-02T12:26:40.352Z
"Mfon Ekong","London, UK (Diaspora)",10,15,"Akwa Ibom Citizen",2026-09-03T13:28:43.685Z
"Etebong Ntekim","Atlanta, GA (Diaspora)",12,15,"Dakkada Ambassador",2026-09-01T06:18:29.263Z
"Mfon Udo","Eket LGA",14,15,"Pure Akwa Ibom Legend",2026-09-04T09:31:00.190Z
"Iniobong Akpabio","Ukanafun LGA",14,15,"Pure Akwa Ibom Legend",2026-08-30T16:06:44.021Z
"Iniobong Udom","Abak LGA",13,15,"Dakkada Ambassador",2026-09-02T02:45:21.818Z
"Faith Usoro","Ukanafun LGA",13,15,"Dakkada Ambassador",2026-09-05T17:56:12.458Z
"David Edet","Cotonou, Benin Republic (Diaspora)",11,15,"Dakkada Ambassador",2026-08-30T12:30:35.701Z
"Emmanuel Etukudo","Uyo LGA",15,15,"Pure Akwa Ibom Legend",2026-09-03T10:53:39.757Z
"Ekemini Etuk","Uruan LGA",11,15,"Dakkada Ambassador",2026-08-31T02:02:09.846Z
"David Umana","Eket LGA",8,15,"Akwa Ibom Citizen",2026-09-03T23:33:02.025Z
"Nsikan Bassey","Etinan LGA",13,15,"Dakkada Ambassador",2026-08-30T07:26:31.779Z
"Ekemini Essien","Ikot Abasi LGA",12,15,"Dakkada Ambassador",2026-08-31T03:57:04.536Z
"Ekere Inam","Essien Udim LGA",15,15,"Pure Akwa Ibom Legend",2026-09-02T01:52:45.666Z
"Uduak Ekong","Houston, USA (Diaspora)",9,15,"Akwa Ibom Citizen",2026-08-31T01:49:48.522Z
"Emmanuel Udom","Manchester, UK (Diaspora)",12,15,"Dakkada Ambassador",2026-08-30T13:11:18.191Z
"Imaobong Essien","Uyo LGA",14,15,"Pure Akwa Ibom Legend",2026-08-29T20:05:02.877Z
"Godwin Udoh","Ukanafun LGA",15,15,"Pure Akwa Ibom Legend",2026-09-05T07:05:02.484Z
"Nsikan Isong","Houston, USA (Diaspora)",10,15,"Akwa Ibom Citizen",2026-09-01T06:26:44.915Z
"Eno Otu","Udung Uko LGA",15,15,"Pure Akwa Ibom Legend",2026-09-03T20:05:37.286Z
"Victor Ekwere","Cotonou, Benin Republic (Diaspora)",14,15,"Pure Akwa Ibom Legend",2026-09-01T19:05:07.674Z
"Eno Ntekim","Mbo LGA",14,15,"Pure Akwa Ibom Legend",2026-09-03T18:59:17.990Z
"Aniekan Umana","Onna LGA",6,15,"Akwa Ibom Citizen",2026-09-04T00:26:21.259Z
"Godwin Umoh","Johannesburg, South Africa (Diaspora)",13,15,"Dakkada Ambassador",2026-09-05T10:00:33.981Z
"Blessing Ekwere","Ibiono Ibom LGA",13,15,"Dakkada Ambassador",2026-09-03T05:20:53.484Z
"Etebong Etukudo","Oron LGA",13,15,"Dakkada Ambassador",2026-08-31T17:51:41.711Z
"Uduak Okon","Uruan LGA",14,15,"Pure Akwa Ibom Legend",2026-09-03T19:41:37.476Z
"Sunday Udo","New York, USA (Diaspora)",15,15,"Pure Akwa Ibom Legend",2026-09-02T06:38:24.648Z
"Eno Udoh","Ukanafun LGA",9,15,"Akwa Ibom Citizen",2026-09-04T09:09:47.095Z
"Hope Antia","Mkpat Enin LGA",13,15,"Dakkada Ambassador",2026-08-30T12:21:53.581Z
"Etebong Udo","Nsit Ubium LGA",11,15,"Dakkada Ambassador",2026-09-01T10:32:04.343Z
"Godwin Essien","Ikot Abasi LGA",14,15,"Pure Akwa Ibom Legend",2026-09-03T14:30:53.479Z
"Ofonime Edet","Abak LGA",14,15,"Pure Akwa Ibom Legend",2026-09-05T01:19:13.421Z
"Nsikan Ekanem","Udung Uko LGA",15,15,"Pure Akwa Ibom Legend",2026-08-31T21:36:10.358Z
"Ubong Isong","Nsit Ubium LGA",14,15,"Pure Akwa Ibom Legend",2026-08-31T12:35:14.992Z
"Idongesit Ntekim","Ibeno LGA",15,15,"Pure Akwa Ibom Legend",2026-09-01T16:45:46.725Z
"Godwin Udo","Eket LGA",15,15,"Pure Akwa Ibom Legend",2026-08-31T01:48:38.459Z
"Victor Edet","Uruan LGA",15,15,"Pure Akwa Ibom Legend",2026-09-03T13:36:30.805Z
"Eno Otu","Nsit Ubium LGA",13,15,"Dakkada Ambassador",2026-08-30T02:15:01.391Z
"Hope Ekwere","Eket LGA",15,15,"Pure Akwa Ibom Legend",2026-09-03T20:59:24.397Z
"Bassey Akpan","Eastern Obolo LGA",15,15,"Pure Akwa Ibom Legend",2026-09-01T13:50:01.996Z
"Grace Otu","Okobo LGA",13,15,"Dakkada Ambassador",2026-09-01T07:27:56.814Z
"Emmanuel Otu","Manchester, UK (Diaspora)",15,15,"Pure Akwa Ibom Legend",2026-08-29T22:00:28.543Z
"Godwin Asuquo","Cotonou, Benin Republic (Diaspora)",15,15,"Pure Akwa Ibom Legend",2026-08-30T04:34:24.418Z
"Precious Asuquo","Toronto, Canada (Diaspora)",13,15,"Dakkada Ambassador",2026-09-03T16:45:38.847Z
"Emem Otu","Ibeno LGA",14,15,"Pure Akwa Ibom Legend",2026-09-01T04:25:52.166Z
"Uduak Isong","Eket LGA",12,15,"Dakkada Ambassador",2026-08-29T19:29:23.842Z
"Iniobong Inam","Johannesburg, South Africa (Diaspora)",14,15,"Pure Akwa Ibom Legend",2026-08-31T08:27:44.495Z
"Utibe Attah","Oruk Anam LGA",13,15,"Dakkada Ambassador",2026-09-01T10:57:34.150Z
"Utibe Akpanya","Atlanta, GA (Diaspora)",15,15,"Pure Akwa Ibom Legend",2026-08-31T03:28:43.929Z
"Ekemini Etukudo","Eket LGA",12,15,"Dakkada Ambassador",2026-09-05T05:06:54.119Z
"Victor Inam","Esit Eket LGA",9,15,"Akwa Ibom Citizen",2026-09-03T00:23:37.847Z
"Eno Akpan","Maryland, USA (Diaspora)",14,15,"Pure Akwa Ibom Legend",2026-09-02T06:32:34.486Z
"Ubong Akpanya","Etim Ekpo LGA",15,15,"Pure Akwa Ibom Legend",2026-08-31T14:15:38.609Z
"Faith Ntekim","Esit Eket LGA",15,15,"Pure Akwa Ibom Legend",2026-09-05T10:18:48.269Z
"Uduak Effiong","Mbo LGA",13,15,"Dakkada Ambassador",2026-09-04T03:05:06.355Z
"Grace Udo","Nsit Ubium LGA",14,15,"Pure Akwa Ibom Legend",2026-08-30T05:52:01.188Z
"Emem Asuquo","Atlanta, GA (Diaspora)",11,15,"Dakkada Ambassador",2026-09-01T14:20:53.256Z
"David Eno","Nsit Atai LGA",13,15,"Dakkada Ambassador",2026-09-01T02:01:23.907Z
"Joy Udo","Oruk Anam LGA",13,15,"Dakkada Ambassador",2026-09-04T16:39:45.337Z
"Edikan Inam","Ika LGA",10,15,"Akwa Ibom Citizen",2026-09-04T21:30:52.745Z
"Ekemini Ekong","Itu LGA",13,15,"Dakkada Ambassador",2026-09-02T04:46:41.167Z
"Godwin Eno","Nsit Ubium LGA",14,15,"Pure Akwa Ibom Legend",2026-08-29T21:58:16.276Z
"Aniekan Usoro","Etim Ekpo LGA",14,15,"Pure Akwa Ibom Legend",2026-09-04T00:28:14.904Z
"Etebong Otu","Abak LGA",14,15,"Pure Akwa Ibom Legend",2026-09-04T06:39:33.130Z
"Mercy Ekwere","Urue-Offong/Oruko LGA",13,15,"Dakkada Ambassador",2026-09-03T02:44:06.593Z
"Ekemini Ekwere","Nsit Ubium LGA",10,15,"Akwa Ibom Citizen",2026-08-31T03:41:23.281Z
"Ini Archibong","Obot Akara LGA",14,15,"Pure Akwa Ibom Legend",2026-09-03T16:12:47.051Z
"Iniobong Eno","Ibeno LGA",10,15,"Akwa Ibom Citizen",2026-08-30T22:26:43.805Z
"Grace Essien","Mbo LGA",10,15,"Akwa Ibom Citizen",2026-09-05T11:41:45.698Z
"Mfon Eno","Onna LGA",12,15,"Dakkada Ambassador",2026-09-05T07:02:10.611Z
"Bassey Etukudo","Essien Udim LGA",14,15,"Pure Akwa Ibom Legend",2026-09-02T00:08:57.858Z
"Godwin Udoh","Ibeno LGA",14,15,"Pure Akwa Ibom Legend",2026-09-03T11:23:47.220Z
"Ofonime Umana","Ibeno LGA",12,15,"Dakkada Ambassador",2026-09-05T01:09:17.681Z
"Samuel Etuk","Uyo LGA",14,15,"Pure Akwa Ibom Legend",2026-08-31T23:42:35.678Z
"Hope Ekpo","Ikot Abasi LGA",14,15,"Pure Akwa Ibom Legend",2026-08-30T22:54:59.554Z
"Joy Ekwere","Uyo LGA",14,15,"Pure Akwa Ibom Legend",2026-09-03T09:45:46.045Z
"Uduak Udom","Udung Uko LGA",13,15,"Dakkada Ambassador",2026-08-30T21:45:46.781Z
"Emmanuel Usoro","Calgary, Canada (Diaspora)",14,15,"Pure Akwa Ibom Legend",2026-09-03T03:08:20.217Z
"Utibe Bassey","Etinan LGA",13,15,"Dakkada Ambassador",2026-08-31T21:29:17.187Z
"Mercy Akpabio","Onna LGA",14,15,"Pure Akwa Ibom Legend",2026-09-03T19:31:35.352Z
"Edikan Eno","Nsit Ubium LGA",15,15,"Pure Akwa Ibom Legend",2026-09-03T07:22:54.690Z
"Mfon Akpan","Essien Udim LGA",13,15,"Dakkada Ambassador",2026-08-30T10:58:24.818Z
"Ekere Akpanya","Nsit Atai LGA",11,15,"Dakkada Ambassador",2026-08-30T21:05:52.818Z
"Hope Ekong","Ikono LGA",12,15,"Dakkada Ambassador",2026-08-31T01:48:01.567Z
"Sunday Ekpo","Abak LGA",14,15,"Pure Akwa Ibom Legend",2026-08-30T17:13:52.794Z
"Godwin Akpan","Ukanafun LGA",14,15,"Pure Akwa Ibom Legend",2026-09-02T09:15:19.298Z
"Ekemini Usoro","Ikot Abasi LGA",13,15,"Dakkada Ambassador",2026-09-02T21:17:59.687Z
"Godwin Etukudo","Dubai, UAE (Diaspora)",13,15,"Dakkada Ambassador",2026-09-03T06:47:49.422Z
"Edikan Etukudo","Abak LGA",14,15,"Pure Akwa Ibom Legend",2026-08-31T12:54:49.133Z
"Edidiong Eno","Onna LGA",13,15,"Dakkada Ambassador",2026-09-01T18:12:51.868Z
"Ekemini Bassey","Ikot Abasi LGA",14,15,"Pure Akwa Ibom Legend",2026-09-04T19:15:32.948Z
"Ekere Ekong","Calgary, Canada (Diaspora)",14,15,"Pure Akwa Ibom Legend",2026-09-03T21:03:06.993Z
"Etebong Inyang","Maryland, USA (Diaspora)",15,15,"Pure Akwa Ibom Legend",2026-09-01T03:28:09.667Z
"Blessing Effiong","Mbo LGA",14,15,"Pure Akwa Ibom Legend",2026-09-01T09:59:56.874Z
"Samuel Ekwere","Oron LGA",13,15,"Dakkada Ambassador",2026-09-02T15:19:45.614Z
"Etebong Ekong","Manchester, UK (Diaspora)",15,15,"Pure Akwa Ibom Legend",2026-09-02T06:09:25.168Z
"Emem Ekwere","Oron LGA",12,15,"Dakkada Ambassador",2026-09-04T01:51:22.198Z
"Utibe Usoro","Maryland, USA (Diaspora)",15,15,"Pure Akwa Ibom Legend",2026-09-02T10:39:57.594Z
"Edidiong Edet","Dubai, UAE (Diaspora)",8,15,"Akwa Ibom Citizen",2026-09-02T07:45:14.307Z
"Nsikan Effiong","Mkpat Enin LGA",11,15,"Dakkada Ambassador",2026-08-30T02:48:33.273Z
"Hope Archibong","Essien Udim LGA",15,15,"Pure Akwa Ibom Legend",2026-09-03T22:07:07.522Z
"Eno Otu","Ibesikpo Asutan LGA",11,15,"Dakkada Ambassador",2026-09-05T00:37:45.018Z
"Mfon Etuk","Maryland, USA (Diaspora)",11,15,"Dakkada Ambassador",2026-08-30T05:08:03.350Z
"Aniekan Umoh","Oron LGA",14,15,"Pure Akwa Ibom Legend",2026-09-04T20:11:41.074Z
"Grace Antia","London, UK (Diaspora)",14,15,"Pure Akwa Ibom Legend",2026-09-03T14:12:04.141Z
"Etebong Okon","Etinan LGA",14,15,"Pure Akwa Ibom Legend",2026-08-30T16:25:40.460Z
"Faith Umoh","Eastern Obolo LGA",12,15,"Dakkada Ambassador",2026-09-05T16:10:23.078Z
"Emem Eno","Ukanafun LGA",15,15,"Pure Akwa Ibom Legend",2026-08-29T23:40:10.705Z
"Grace Edet","Ukanafun LGA",13,15,"Dakkada Ambassador",2026-09-02T16:15:32.258Z
"Iniobong Isong","Oruk Anam LGA",13,15,"Dakkada Ambassador",2026-09-02T22:44:49.429Z
"Hope Etuk","Ikot Abasi LGA",15,15,"Pure Akwa Ibom Legend",2026-09-02T08:14:21.147Z
"Uduak Etukudo","Mkpat Enin LGA",15,15,"Pure Akwa Ibom Legend",2026-09-01T00:20:55.002Z
"Bassey Usoro","Mbo LGA",15,15,"Pure Akwa Ibom Legend",2026-08-30T08:15:11.180Z
"Edikan Ekong","Johannesburg, South Africa (Diaspora)",14,15,"Pure Akwa Ibom Legend",2026-09-03T09:41:47.876Z
"Uduak Udo","Dubai, UAE (Diaspora)",12,15,"Dakkada Ambassador",2026-09-01T04:24:50.341Z
"Ekere Eno","Mbo LGA",14,15,"Pure Akwa Ibom Legend",2026-09-03T03:59:03.477Z
"David Udoh","Ikot Ekpene LGA",12,15,"Dakkada Ambassador",2026-08-30T12:52:29.688Z
"Faith Udoh","Etinan LGA",12,15,"Dakkada Ambassador",2026-09-03T17:44:47.703Z
"Grace Udoh","Eastern Obolo LGA",14,15,"Pure Akwa Ibom Legend",2026-08-30T01:08:42.869Z
"Edidiong Asuquo","Oruk Anam LGA",15,15,"Pure Akwa Ibom Legend",2026-09-05T01:41:45.950Z
"Idongesit Bassey","Nsit Atai LGA",12,15,"Dakkada Ambassador",2026-09-03T19:53:18.177Z
"Ekemini Ekong","Toronto, Canada (Diaspora)",10,15,"Akwa Ibom Citizen",2026-09-02T06:49:18.517Z
"Precious Etukudo","Uyo LGA",13,15,"Dakkada Ambassador",2026-09-04T21:42:31.135Z
"Ekemini Edet","Manchester, UK (Diaspora)",14,15,"Pure Akwa Ibom Legend",2026-09-04T04:52:42.236Z
"Utibe Essien","Uyo LGA",13,15,"Dakkada Ambassador",2026-09-01T01:51:02.244Z
"Grace Attah","Urue-Offong/Oruko LGA",12,15,"Dakkada Ambassador",2026-08-30T19:48:29.188Z
"Joy Eno","Abak LGA",13,15,"Dakkada Ambassador",2026-08-29T22:21:41.580Z
"Edikan Ekwere","Ikono LGA",13,15,"Dakkada Ambassador",2026-08-31T13:27:08.389Z
"Joy Umoh","Oron LGA",13,15,"Dakkada Ambassador",2026-09-01T20:25:19.448Z
"Imaobong Effiong","Ibiono Ibom LGA",14,15,"Pure Akwa Ibom Legend",2026-09-01T04:34:11.353Z
"Grace Etukudo","Okobo LGA",10,15,"Akwa Ibom Citizen",2026-09-02T22:59:40.494Z
"Nsikan Ekwere","Oruk Anam LGA",13,15,"Dakkada Ambassador",2026-09-05T04:57:57.829Z
"Nsikan Udoh","Itu LGA",12,15,"Dakkada Ambassador",2026-08-29T21:33:43.312Z
"Enobong Ntekim","Nsit Atai LGA",13,15,"Dakkada Ambassador",2026-09-03T08:42:32.536Z
"Precious Archibong","Calgary, Canada (Diaspora)",13,15,"Dakkada Ambassador",2026-08-31T12:46:11.685Z
"Kufre Archibong","Ikono LGA",13,15,"Dakkada Ambassador",2026-08-30T09:12:20.601Z
"Sunday Inam","Ibesikpo Asutan LGA",11,15,"Dakkada Ambassador",2026-09-04T17:54:48.544Z
"Emmanuel Ekwere","Abak LGA",14,15,"Pure Akwa Ibom Legend",2026-09-02T10:43:49.275Z
"Uduak Akpanya","Johannesburg, South Africa (Diaspora)",15,15,"Pure Akwa Ibom Legend",2026-08-31T21:16:38.216Z
"Emmanuel Edet","Eket LGA",14,15,"Pure Akwa Ibom Legend",2026-08-31T07:31:18.899Z
"Precious Attah","Obot Akara LGA",12,15,"Dakkada Ambassador",2026-09-01T14:50:20.842Z
"Aniekan Umoh","Ibiono Ibom LGA",14,15,"Pure Akwa Ibom Legend",2026-09-04T01:52:59.627Z
"Godwin Attah","Udung Uko LGA",15,15,"Pure Akwa Ibom Legend",2026-08-30T16:23:53.064Z
"Edidiong Umana","Abak LGA",12,15,"Dakkada Ambassador",2026-08-30T11:22:12.639Z
"Faith Archibong","Ibiono Ibom LGA",13,15,"Dakkada Ambassador",2026-09-04T21:50:22.854Z
"Enobong Ekpo","Itu LGA",15,15,"Pure Akwa Ibom Legend",2026-08-31T08:06:59.323Z
"Ofonime Attah","Mbo LGA",5,15,"JJC for Akwa Ibom",2026-09-04T20:41:02.088Z
"Edidiong Eno","Ukanafun LGA",15,15,"Pure Akwa Ibom Legend",2026-08-31T23:05:32.998Z
"Precious Inyang","Etim Ekpo LGA",11,15,"Dakkada Ambassador",2026-09-01T06:31:11.855Z
"Ubong Archibong","Etinan LGA",11,15,"Dakkada Ambassador",2026-09-04T20:16:46.514Z
"Ubong Udo","Ikot Ekpene LGA",14,15,"Pure Akwa Ibom Legend",2026-09-04T08:19:53.369Z
"Abasifreke Otu","Dubai, UAE (Diaspora)",11,15,"Dakkada Ambassador",2026-09-01T13:45:24.892Z
"Edidiong Isong","Eket LGA",13,15,"Dakkada Ambassador",2026-08-31T18:24:15.420Z
"Blessing Udo","Ibesikpo Asutan LGA",14,15,"Pure Akwa Ibom Legend",2026-09-01T11:41:13.824Z
"Etebong Okon","Eket LGA",11,15,"Dakkada Ambassador",2026-08-30T02:09:46.901Z
"Eno Umoh","Dubai, UAE (Diaspora)",12,15,"Dakkada Ambassador",2026-09-03T11:54:51.421Z
"Idongesit Asuquo","Ibeno LGA",14,15,"Pure Akwa Ibom Legend",2026-09-02T01:13:08.242Z
"Precious Otu","Ini LGA",14,15,"Pure Akwa Ibom Legend",2026-09-04T06:09:46.590Z
"Uduak Ekanem","Eket LGA",11,15,"Dakkada Ambassador",2026-09-05T08:01:32.079Z
"Abasifreke Akpabio","Nsit Ibom LGA",14,15,"Pure Akwa Ibom Legend",2026-09-02T17:46:11.053Z
"Ekemini Okon","Eket LGA",13,15,"Dakkada Ambassador",2026-09-01T05:58:52.258Z
"Itoro Archibong","Ika LGA",10,15,"Akwa Ibom Citizen",2026-09-03T12:37:35.891Z
"Itoro Essien","Ini LGA",13,15,"Dakkada Ambassador",2026-09-05T17:08:12.655Z
"Bassey Isong","Dubai, UAE (Diaspora)",5,15,"JJC for Akwa Ibom",2026-09-04T10:59:13.062Z
"Ekere Akpabio","New York, USA (Diaspora)",15,15,"Pure Akwa Ibom Legend",2026-09-02T02:41:04.113Z
"Bassey Antia","Ibiono Ibom LGA",11,15,"Dakkada Ambassador",2026-08-31T13:13:54.852Z
